num,subject,relation,object
1,李h,姐弟,秦俊杰
2,胡静,同学,刘烨
2,胡静,同学,秦海璐
2,胡静,同学,袁泉
2,胡静,同学,梅婷
2,胡静,同学,秦昊
2,胡静,同学,牛青峰
2,胡静,同学,曾黎
2,胡静,同学,章子怡
3,罗素・克洛,旧爱,梅格・瑞恩
4,汤姆・克鲁斯,前任夫妻,妮可・基德曼
4,汤姆・克鲁斯,旧爱,佩内洛普・克鲁兹
5,黄鸿升,旧爱,杨丞琳
6,林鹏,好友,成龙
7,黄家强,兄弟,黄家驹
7,黄家强,拍档,叶世荣
7,黄家强,拍档,黄贯中
8,杨淇,绯闻,尹子维
9,黎姿,绯闻,张卫健
9,黎姿,好友,蔡少芬
9,黎姿,绯闻,郑嘉颖
9,黎姿,绯闻,林文龙
9,黎姿,师徒,罗文
10,金・卡戴珊,姐妹,科勒・卡戴珊
11,周杰伦,绯闻,李玟
11,周杰伦,干父子,黄秋生
11,周杰伦,绯闻,曾恺t
11,周杰伦,绯闻,江语晨
11,周杰伦,绯闻,罗康妮
11,周杰伦,好友,陈冠希
11,周杰伦,旧爱,蔡依林
11,周杰伦,绯闻,徐若u
11,周杰伦,旧爱,侯佩岑
11,周杰伦,绯闻,昆凌
11,周杰伦,绯闻,田馥甄
11,周杰伦,绯闻,温岚
11,周杰伦,好友,刘u宏
11,周杰伦,绯闻,吴佩珊
11,周杰伦,好友,陈建州
11,周杰伦,好友,宋祖英
12,孙红雷,绯闻,左小青
12,孙红雷,绯闻,巩俐
12,孙红雷,好友,海清
13,林子聪,搭档,徐娇
14,苗圃,绯闻,李亚鹏
15,水均益,夫妻,杨迪
16,葛荟婕,旧爱,汪峰
17,黄玉荣,拍档,祝钒刚
17,黄玉荣,拍档,颜行书
18,张馨予,旧爱,吴卓羲
18,张馨予,情侣,李晨
19,胡亚捷,同学,陆剑民
19,胡亚捷,同学,王志文
20,唐禹哲,好友,付辛博
21,李小龙,好友,邓光荣
22,关之琳,绯闻,成龙
22,关之琳,绯闻,苏见信
22,关之琳,绯闻,刘德华
22,关之琳,绯闻,霍建华
23,梅格・瑞恩,旧爱,罗素・克洛
24,胡兵,绯闻,瞿颖
24,胡兵,兄弟,胡东
25,伍咏薇,好友,郭可盈
25,伍咏薇,好友,苑琼丹
26,真木阳子,好友,上野树里
26,真木阳子,好友,瑛太
27,徐帆,旧爱,王志文
27,徐帆,同学,胡军
27,徐帆,同学,王斑
27,徐帆,同学,陈小艺
27,徐帆,同学,江珊
27,徐帆,同学,何冰
28,张子健,同学,王全安
28,张子健,同学,孔琳
28,张子健,同学,张嘉译
28,张子健,好友,苑冉
28,张子健,好友,曲栅栅
29,史兰芽,夫妻,李幼斌
29,史兰芽,同学,辛柏青
29,史兰芽,同学,朱媛媛
30,陈孝萱,旧爱,吴宗宪
31,李亚鹏,好友,那英
31,李亚鹏,同学,王学兵
31,李亚鹏,绯闻,苗圃
31,李亚鹏,夫妻,王菲
31,李亚鹏,干父子,张纪中
31,李亚鹏,同学,陈建斌
31,李亚鹏,旧爱,瞿颖
31,李亚鹏,同学,曹卫宇
31,李亚鹏,旧爱,周迅
32,夏力薪,同学,郭涛
33,蒙嘉慧,好友,林保怡
33,蒙嘉慧,情侣,郑伊健
33,蒙嘉慧,密友,洪欣
34,李玟,绯闻,周杰伦
34,李玟,好友,王力宏
35,刘悦,师徒,刘欢
36,徐百卉,同学,白百何
37,伊能静,绯闻,黄维德
37,伊能静,拍档,高晓松
37,伊能静,拍档,韩雯雯
37,伊能静,夫妻,秦昊
38,刘冬,搭档,黄明
39,黄日华,好友,刘德华
39,黄日华,好友,翁美玲
40,姚笛,同学,马苏
40,姚笛,绯闻,迟帅
40,姚笛,同学,练束梅
40,姚笛,绯闻,王龙华
41,杨乐乐,夫妻,汪涵
42,侯祖辛,师徒,那英
43,山口百惠,夫妻,三浦友和
44,反町隆史,夫妻,松岛菜菜子
44,反町隆史,绯闻,加藤爱
45,苏岩,夫妻,罗嘉良
46,章子怡,绯闻,成龙
46,章子怡,情侣,撒贝宁
46,章子怡,绯闻,汪小菲
46,章子怡,同学,刘烨
46,章子怡,同学,胡静
46,章子怡,同学,秦海璐
46,章子怡,同学,袁泉
46,章子怡,同学,梅婷
46,章子怡,密友,邓文迪
46,章子怡,同学,曾黎
46,章子怡,好友,郭富城
46,章子怡,同学,秦昊
46,章子怡,同学,牛青峰
47,陈法蓉,好友,罗慧娟
47,陈法蓉,绯闻,钱小豪
47,陈法蓉,密友,蔡少芬
47,陈法蓉,密友,洪欣
47,陈法蓉,绯闻,陈锦鸿
48,王丽云,母女,车晓
49,许冠杰,兄弟,许冠英
50,牟凤彬,好友,陈司翰
50,牟凤彬,好友,谢宁（女演员）
51,梁丹妮,夫妻,冯远征
52,崔始源,拍档,韩庚
52,崔始源,拍档,周觅
52,崔始源,拍档,金希澈
52,崔始源,拍档,圭贤
52,崔始源,拍档,李东海
52,崔始源,拍档,刘宪华
52,崔始源,情侣,刘雯
52,崔始源,组员,super junior
53,郑希怡,绯闻,成龙
53,郑希怡,好友,容祖儿
53,郑希怡,好友,钟欣潼
53,郑希怡,绯闻,吴浩康
53,郑希怡,绯闻,叶项明
54,戚薇,绯闻,黄宗泽
54,戚薇,拍档,袁成杰
55,唐文龙,好友,曹永廉
56,赵普,绯闻,李蜜
57,吴卓羲,绯闻,徐子珊
57,吴卓羲,绯闻,官恩娜
57,吴卓羲,旧爱,张馨予
57,吴卓羲,好友,胡杏儿
57,吴卓羲,密友,林峰
57,吴卓羲,绯闻,佘诗曼
57,吴卓羲,好友,汤盈盈
57,吴卓羲,绯闻,胡定欣
57,吴卓羲,好友,陈键锋
58,邓九云,同学,林依晨
58,邓九云,绯闻,何韵诗
59,黄贯中,拍档,黄家强
59,黄贯中,拍档,黄家驹
59,黄贯中,拍档,叶世荣
59,黄贯中,夫妻,朱茵(上海)
60,李念,同学,杜若溪
61,吴昕,好友,杜海涛
61,吴昕,好友,谢娜
61,吴昕,绯闻,李子峰
61,吴昕,好友,张翰
61,吴昕,好友,李维嘉
61,吴昕,好友,何炅
62,关咏荷,夫妻,张家辉
63,安钧璨,绯闻,徐熙媛
64,周星驰,绯闻,舒淇
64,周星驰,绯闻,吴君如
64,周星驰,旧爱,于文凤
64,周星驰,师徒,张雨绮
64,周星驰,干父女,徐娇
64,周星驰,绯闻,张敏
64,周星驰,绯闻,赵薇
64,周星驰,好友,梁朝伟
64,周星驰,旧爱,莫文蔚
64,周星驰,好友,张学友
64,周星驰,绯闻,蓝洁瑛
64,周星驰,旧爱,罗慧娟
64,周星驰,旧爱,朱茵(上海)
65,杨钰莹,好友,毛宁
66,刘德凯,旧爱,刘雪华
67,艾希莉・辛普森,密友,林赛・罗韩
67,艾希莉・辛普森,姐妹,杰西卡・辛普森
68,谢宁（女演员）,好友,牟凤彬
69,成龙,绯闻,林青霞
69,成龙,绯闻,张曼玉
69,成龙,父子,房祖名
69,成龙,旧爱,邓丽君
69,成龙,夫妻,林凤娇
69,成龙,绯闻,米雪
69,成龙,绯闻,郑裕玲
69,成龙,好友,林鹏
69,成龙,绯闻,关之琳
69,成龙,好友,曾志伟
69,成龙,绯闻,钟楚红
69,成龙,旧爱,吴绮莉
69,成龙,好友,谭咏麟
69,成龙,绯闻,郑希怡
69,成龙,好友,翁倩玉
69,成龙,绯闻,章子怡
70,余文乐,绯闻,杨丞琳
70,余文乐,旧爱,黄伊汶
70,余文乐,绯闻,舒淇
70,余文乐,好友,郭富城
70,余文乐,绯闻,钟欣潼
70,余文乐,绯闻,黄圣依
71,窦唯,前任夫妻,王菲
72,陈德容,绯闻,吴建豪
72,陈德容,绯闻,马景涛
73,柳时元,好友,李东健
73,柳时元,好友,朴容夏
74,刘威葳,同学,王新军
75,刘碧丽,情人,周焯华
76,刘欢,师徒,刘悦
76,刘欢,师徒,吉克隽逸
76,刘欢,师徒,李代沫
76,刘欢,师徒,李行亮
76,刘欢,师徒,徐海星
76,刘欢,师徒,权振东
76,刘欢,师徒,袁娅维
76,刘欢,师徒,王乃恩
76,刘欢,师徒,刘昊霖
76,刘欢,师徒,郑虹
77,金厉旭,组员,super junior
78,俞飞鸿,同学,柳云龙
78,俞飞鸿,同学,邵兵
79,萧亚轩,情侣,柯震东
79,萧亚轩,好友,熊黛林
80,林青霞,好友,刘嘉玲
80,林青霞,好友,张国荣
80,林青霞,密友,钟楚红
80,林青霞,绯闻,成龙
81,李婉华,旧爱,吴镇宇
81,李婉华,密友,黎瑞恩
82,田丽,旧爱,马景涛
83,宋林静,夫妻,于和伟
84,蔡淇俊,绯闻,陈自瑶
85,芭儿・拉法莉,情侣,莱昂纳多・迪卡普里奥
86,张予曦,旧爱,王思聪
87,杜汶泽,好友,刘德华
87,杜汶泽,好友,黎明
87,杜汶泽,好友,梁洛施
87,杜汶泽,好友,吴君如
87,杜汶泽,夫妻,田蕊妮
88,曹敏莉,绯闻,黄长兴
89,韩雯雯,拍档,伊能静
89,韩雯雯,拍档,应采儿
89,韩雯雯,拍档,古天乐
89,韩雯雯,拍档,赵文u
89,韩雯雯,拍档,黄圣依
89,韩雯雯,拍档,潘粤明
89,韩雯雯,拍档,舒畅
89,韩雯雯,拍档,夏雨
89,韩雯雯,拍档,赵毅
89,韩雯雯,拍档,宋祖德
90,邓光荣,干父女,郑欣宜
90,邓光荣,好友,罗文
90,邓光荣,好友,李小龙
91,陶,绯闻,梅艳芳
91,陶,旧爱,岑洁仪
91,陶,绯闻,朱丹
92,邓婕,母子,张默
92,邓婕,夫妻,张国立
92,邓婕,拍档,翟天临
93,王小利,同门,小沈阳
93,王小利,师徒,赵本山
94,阿朵,旧爱,高晓松
95,谢芷蕙,旧爱,陈冠希
96,张惠春,姐妹,张惠妹
97,张若昀,情侣,唐艺昕
98,姜潮,好友,武艺
98,姜潮,好友,曾轶可
99,罗伯特・帕丁森,情侣,克里斯汀・斯图尔特
100,吴奇隆,旧爱,蔡少芬
100,吴奇隆,拍档,苏有朋
100,吴奇隆,旧爱,杨采妮
100,吴奇隆,拍档,陈志朋
100,吴奇隆,好友,韩栋
100,吴奇隆,夫妻,刘诗诗
100,吴奇隆,好友,林更新
100,吴奇隆,绯闻,戴娇倩
100,吴奇隆,好友,刘思彤
101,乔任梁,好友,李易峰
101,乔任梁,好友,付辛博
102,李珊珊,旧爱,钱嘉乐
103,徐熙媛,旧爱,具俊晔
103,徐熙媛,绯闻,何润东
103,徐熙媛,旧爱,周渝民
103,徐熙媛,绯闻,古天乐
103,徐熙媛,旧爱,蓝正龙
103,徐熙媛,绯闻,安钧璨
103,徐熙媛,夫妻,汪小菲
103,徐熙媛,绯闻,罗志祥
103,徐熙媛,密友,范玮琪
103,徐熙媛,密友,侯佩岑
103,徐熙媛,好友,吴佩慈
103,徐熙媛,密友,范晓萱
103,徐熙媛,好友,陈建州
104,林正英,旧爱,苑琼丹
105,马蓉,前任,王宝强
106,郑俊浩,好友,张东健
106,郑俊浩,好友,申贤俊
106,郑俊浩,好友,李钟原
107,谢娜,好友,胡歌
107,谢娜,好友,文章
107,谢娜,旧爱,刘烨
107,谢娜,绯闻,聂远
107,谢娜,好友,何炅
107,谢娜,好友,杜海涛
107,谢娜,好友,吴昕
107,谢娜,好友,李维嘉
107,谢娜,拍档,蒲冰墨
107,谢娜,夫妻,张杰
108,蔡卓妍,绯闻,林峰
108,蔡卓妍,旧爱,陈伟霆
108,蔡卓妍,好友,林俊杰
108,蔡卓妍,拍档,钟欣潼
108,蔡卓妍,拍档,李勤勤
109,岳云鹏,师徒,郭德纲
109,岳云鹏,同门,曹云金
110,金海心,绯闻,黄征
111,满文军,好友,那英
111,满文军,好友,韩红
111,满文军,好友,孙楠
111,满文军,好友,买红妹
111,满文军,好友,陈琳
112,姚元浩,好友,林心如
112,姚元浩,情侣,隋棠
112,姚元浩,好友,张天霖
113,陶晶莹,夫妻,李李仁
114,沈丹萍,同学,张丰毅
115,王祖蓝,好友,关心妍
116,孙海英,夫妻,吕丽萍
117,韩鹤晓,师徒,郭德纲
118,车胜元,旧爱,李英爱
119,王新军,情侣,秦海璐
119,王新军,同学,刘威葳
120,胡彦斌,同门,周笔畅
120,胡彦斌,情侣,郑爽
121,罗晋,恋人,唐嫣
122,小山庆一郎,拍档,山下智久
122,小山庆一郎,拍档,锦户亮
123,江映蓉,旧爱,褚乔
123,江映蓉,好友,谈莉娜
123,江映蓉,搭档,王岳伦
124,齐秦,旧爱,王祖贤
124,齐秦,绯闻,萧蔷
124,齐秦,好友,巫启贤
124,齐秦,姐弟,齐豫
125,张敬轩,好友,关楚耀
126,蓝又时,好友,丁当
127,路嘉怡,旧爱,张震岳
127,路嘉怡,姐妹,路嘉欣
128,陈红,夫妻,陈凯歌
129,周秀娜,绯闻,陈冠希
129,周秀娜,绯闻,罗志祥
130,黄嘉乐,好友,郑嘉颖
130,黄嘉乐,好友,马国明
131,蒋梦婕,好友,陈翔
132,胡海泉,好友,黄征
132,胡海泉,拍档,陈羽凡
133,赵丽颖,好友,袁姗姗
133,赵丽颖,好友,高梓淇
134,金贤重,密友,朴有天
135,张蔷,好友,陈琳
136,孟茜,干父女,周润发
136,孟茜,拍档,张智霖
136,孟茜,拍档,何炅
136,孟茜,拍档,张杰
137,林忆莲,好友,张学友
137,林忆莲,情侣,恭硕良
138,李赫宰,组员,super junior
139,沈佳妮,同学,白百何
139,沈佳妮,同学,曹曦文
139,沈佳妮,夫妻,朱亚文
139,沈佳妮,同学,文章
139,沈佳妮,同学,童瑶
139,沈佳妮,拍档,蒲冰墨
139,沈佳妮,同学,唐嫣
140,宋允儿,好友,车太贤
140,宋允儿,旧爱,安在旭
140,宋允儿,好友,朴容夏
140,宋允儿,夫妻,薛景求
140,宋允儿,绯闻,申贤俊
141,冯德伦,绯闻,舒淇
141,冯德伦,旧爱,莫文蔚
141,冯德伦,好友,吴彦祖
141,冯德伦,绯闻,徐若u
141,冯德伦,绯闻,张雨绮
142,郑元畅,绯闻,林依晨
142,郑元畅,好友,阮经天
142,郑元畅,好友,陈乔恩
142,郑元畅,好友,贺军翔
143,郑佩佩,绯闻,岳华
144,黄磊,绯闻,贾静雯
144,黄磊,好友,刘若英
144,黄磊,同学,姜武
144,黄磊,好友,海清
145,于波,同学,凌潇肃
145,于波,同学,叶静
145,于波,同学,姚晨
145,于波,同学,杜淳
145,于波,同学,杨志刚
145,于波,好友,杨俊毅
146,韩栋,好友,郑嘉颖
146,韩栋,好友,袁弘
146,韩栋,好友,叶祖新
146,韩栋,好友,刘恺威
146,韩栋,好友,吴奇隆
146,韩栋,好友,蔡少芬
146,韩栋,好友,胡歌
146,韩栋,好友,林更新
146,韩栋,好友,马天宇
146,韩栋,好友,刘诗诗
147,齐溪,绯闻,刘烨
147,齐溪,夫妻,宋宁
148,黄鹤,师徒,那英
149,李菲儿,旧爱,黄晓明
150,吴镇宇,好友,刘青云
150,吴镇宇,好友,黄秋生
150,吴镇宇,旧爱,李婉华
151,王大治,绯闻,董洁
152,熊黛林,好友,刘德华
152,熊黛林,好友,萧亚轩
152,熊黛林,情侣,郭富城
152,熊黛林,好友,甄子丹
152,熊黛林,好友,谢霆锋
152,熊黛林,好友,张柏芝
152,熊黛林,情侣,郭可颂
153,童瑶,同学,白百何
153,童瑶,旧爱,张默
153,童瑶,同学,沈佳妮
153,童瑶,同学,曹曦文
153,童瑶,同学,文章
153,童瑶,同学,唐嫣
154,王中磊,父子,王元也
155,孔琳,同学,王全安
155,孔琳,同学,张嘉译
155,孔琳,同学,张子健
156,贾晓晨,夫妻,樊少皇
157,黄家驹,拍档,黄贯中
157,黄家驹,好友,李丽珍
157,黄家驹,兄弟,黄家强
157,黄家驹,拍档,叶世荣
158,刘烨,同学,胡静
158,刘烨,同学,秦海璐
158,刘烨,同学,袁泉
158,刘烨,同学,梅婷
158,刘烨,同学,曾黎
158,刘烨,同学,秦昊
158,刘烨,绯闻,齐溪
158,刘烨,拍档,冯丹滢
158,刘烨,同学,牛青峰
158,刘烨,同学,章子怡
158,刘烨,旧爱,谢娜
159,向海岚,叔侄,向华强
160,梁荣忠,旧爱,钟丽淇
160,梁荣忠,好友,李克勤
161,张炬,好友,何勇
162,张丹峰,夫妻,洪欣
163,窦骁,同学,曾之乔
164,周慧敏,绯闻,刘锡明
164,周慧敏,密友,古巨基
164,周慧敏,绯闻,张卫健
165,渡边谦,父女,渡边杏
166,海陆,好友,李晟
166,海陆,情侣,于小彤
166,海陆,好友,袁姗姗
166,海陆,好友,张睿
166,海陆,好友,李佳航
166,海陆,好友,高梓淇
167,张嘉欣,情侣,庾澄庆
168,冉莹颖,夫妻,邹市明
169,河智苑,绯闻,高修
170,吴莫愁,师徒,庾澄庆
171,赵薇,绯闻,苏有朋
171,赵薇,好友,韩红
171,赵薇,密友,王菲
171,赵薇,好友,黄晓明
171,赵薇,好友,林心如
171,赵薇,绯闻,周星驰
171,赵薇,绯闻,吴大维
171,赵薇,绯闻,李泉
171,赵薇,同学,孔维
171,赵薇,同学,何琳
171,赵薇,同学,张恒
171,赵薇,好友,许还幻
171,赵薇,好友,陈坤
172,薛佳凝,绯闻,胡歌
172,薛佳凝,同学,陆毅
172,薛佳凝,同学,鲍蕾
172,薛佳凝,同学,田海蓉
172,薛佳凝,同学,罗海琼
172,薛佳凝,同学,赵阳
173,张震,绯闻,舒淇
173,张震,旧爱,路嘉欣
174,聂鑫,好友,舒淇
174,聂鑫,好友,姚晨
174,聂鑫,好友,杜淳
175,汪洋,师徒,杨坤
176,杨坤,师徒,平安
176,杨坤,师徒,金志文
176,杨坤,师徒,丁丁
176,杨坤,师徒,汪洋
176,杨坤,师徒,关
176,杨坤,好友,陈琳
176,杨坤,师徒,倪雅丰
176,杨坤,师徒,邹宏宇
176,杨坤,师徒,张玮琪
176,杨坤,师徒,丁少华
176,杨坤,师徒,伍佳丽
177,李佳航,好友,海陆
177,李佳航,夫妻,李晟
177,李佳航,好友,张睿
177,李佳航,好友,高梓淇
178,倪诗蓓,旧爱,张国荣
178,倪诗蓓,绯闻,汤镇业
179,陈志朋,拍档,吴奇隆
179,陈志朋,拍档,苏有朋
180,吴佩珊,绯闻,周杰伦
181,卢洁云,好友,王心凌
181,卢洁云,好友,潘玮柏
181,卢洁云,好友,曾一鸣
182,陈小春,夫妻,应采儿
182,陈小春,好友,郑伊健
182,陈小春,拍档,谢天华
182,陈小春,旧爱,车婉婉
182,陈小春,旧爱,张柏芝
183,关智斌,拍档,张致恒
184,黎芷珊,旧爱,郑伊健
185,黄渤,拍档,曾宝仪
186,周润发,好友,张国荣
186,周润发,旧爱,陈玉莲
186,周润发,绯闻,郑裕玲
186,周润发,前任夫妻,余安安
186,周润发,干父女,孟茜
187,胡歌,好友,韩栋
187,胡歌,旧爱,江疏影
187,胡歌,好友,霍建华
187,胡歌,绯闻,林依晨
187,胡歌,同学,韩雪
187,胡歌,好友,林更新
187,胡歌,同学,袁弘
187,胡歌,好友,蒋劲夫
187,胡歌,绯闻,薛佳凝
187,胡歌,拍档,李勤勤
187,胡歌,好友,杨幂
187,胡歌,好友,何炅
187,胡歌,好友,谢娜
188,何韵诗,师徒,梅艳芳
188,何韵诗,绯闻,邓九云
188,何韵诗,绯闻,陈文媛
188,何韵诗,绯闻,傅颖
188,何韵诗,绯闻,刘浩龙
189,林志颖,绯闻,刘荷娜
189,林志颖,夫妻,陈若仪
189,林志颖,绯闻,徐怀钰
190,佟大为,好友,朱雨辰
190,佟大为,好友,文章
190,佟大为,同学,冯绍峰
190,佟大为,好友,马伊P
191,郑中基,旧爱,杨千
192,琼瑶,密友,刘雪华
193,林瑞阳,绯闻,萧蔷
193,林瑞阳,夫妻,张庭
194,张嘉译,同学,王全安
194,张嘉译,同学,张子健
194,张嘉译,同学,孔琳
194,张嘉译,拍档,邓超
194,张嘉译,拍档,王劲松
195,林依晨,绯闻,胡歌
195,林依晨,绯闻,吴尊
195,林依晨,绯闻,郑元畅
195,林依晨,绯闻,贺军翔
195,林依晨,同学,邓九云
196,冯绍峰,绯闻,胡杏儿
196,冯绍峰,同学,佟大为
196,冯绍峰,绯闻,杨幂
196,冯绍峰,情侣,倪妮
196,冯绍峰,好友,袁姗姗
196,冯绍峰,绯闻,周迅
197,桂纶镁,绯闻,陈柏霖
197,桂纶镁,好友,陈坤
198,尹子维,好友,吴彦祖
198,尹子维,好友,连凯
198,尹子维,绯闻,杨淇
199,佩恩・贝格利,旧爱,布莱克・莱弗利
200,徐若u,绯闻,周杰伦
200,徐若u,绯闻,冯德伦
200,徐若u,旧爱,吴建豪
200,徐若u,绯闻,曹格
201,田海蓉,同学,罗海琼
201,田海蓉,同学,鲍蕾
201,田海蓉,同学,薛佳凝
201,田海蓉,同学,赵阳
202,徐智锡,绯闻,具惠善
203,于小彤,情侣,海陆
204,史可,同学,巩俐
204,史可,同学,陈炜
205,龟梨和也,情侣,大政绚
206,范玮琪,密友,徐熙媛
206,范玮琪,密友,侯佩岑
206,范玮琪,密友,吴佩慈
206,范玮琪,密友,范晓萱
206,范玮琪,夫妻,陈建州
206,范玮琪,好友,张柏芝
207,叶世荣,拍档,黄贯中
207,叶世荣,拍档,黄家驹
207,叶世荣,拍档,黄家强
208,杨明娜,同学,保剑锋
208,杨明娜,同学,马伊P
209,梁咏琪,旧爱,郑伊健
209,梁咏琪,密友,许茹芸
210,金池,师徒,庾澄庆
211,黄宗泽,绯闻,陈法拉
211,黄宗泽,绯闻,周丽淇
211,黄宗泽,绯闻,廖碧儿
211,黄宗泽,绯闻,唐诗咏
211,黄宗泽,绯闻,戚薇
211,黄宗泽,旧爱,胡杏儿
212,李准基,好友,李多海
212,李准基,绯闻,李孝利
213,余安安,旧爱,尔冬升
213,余安安,前任夫妻,周润发
214,宋祖德,拍档,韩雯雯
215,林更新,好友,吴奇隆
215,林更新,好友,胡歌
215,林更新,好友,袁弘
215,林更新,好友,马天宇
215,林更新,同学,蒲巴甲
215,林更新,好友,韩栋
215,林更新,同学,王若心
215,林更新,好友,刘诗诗
215,林更新,情侣,王柳雯
215,林更新,好友,蒋劲夫
216,胡可,绯闻,聂远
216,胡可,夫妻,沙溢
216,胡可,绯闻,黄晓明
217,侯佩岑,旧爱,周杰伦
217,侯佩岑,密友,范玮琪
217,侯佩岑,密友,徐熙媛
217,侯佩岑,拍档,吴宗宪
217,侯佩岑,密友,范晓萱
218,傅颖,绯闻,何韵诗
219,徐娇,干父女,周星驰
219,徐娇,搭档,张雨绮
219,徐娇,搭档,林子聪
220,华少,好友,朱丹
221,张恒,同学,许还幻
221,张恒,同学,赵薇
221,张恒,同学,陈坤
221,张恒,同学,孔维
221,张恒,同学,何琳
221,张恒,同学,颜丹晨
221,张恒,同学,祖峰
222,杰西卡・辛普森,姐妹,艾希莉・辛普森
223,蔡少芬,好友,黎姿
223,蔡少芬,好友,宣萱
223,蔡少芬,好友,郭可盈
223,蔡少芬,密友,洪欣
223,蔡少芬,好友,陈慧珊
223,蔡少芬,密友,陈法蓉
223,蔡少芬,密友,朱茵(上海)
223,蔡少芬,好友,韩栋
223,蔡少芬,旧爱,吴奇隆
223,蔡少芬,绯闻,吴启华
223,蔡少芬,夫妻,张晋
224,左小青,绯闻,段奕宏
224,左小青,绯闻,夏雨
224,左小青,绯闻,陈道明
224,左小青,绯闻,孙红雷
224,左小青,好友,江铠同
224,左小青,同学,余男
224,左小青,拍档,张洪杰
224,左小青,同学,邢佳栋
225,李孝利,绯闻,李瑞镇
225,李孝利,绯闻,李准基
225,李孝利,绯闻,rain
225,李孝利,绯闻,申彗星
226,具惠善,绯闻,徐智锡
227,沙宝亮,好友,宋祖英
228,萧蔷,绯闻,齐秦
228,萧蔷,绯闻,林瑞阳
228,萧蔷,拍档,王笛
229,潘玮柏,好友,杨丞琳
229,潘玮柏,好友,陈建州
229,潘玮柏,好友,卢洁云
229,潘玮柏,好友,李晨
230,林凤娇,夫妻,成龙
231,朱丹,绯闻,陶
231,朱丹,好友,华少
231,朱丹,好友,付辛博
232,张真英,好友,安在旭
232,张真英,好友,金廷恩
232,张真英,好友,全度妍
232,张真英,好友,严正花
232,张真英,好友,宋慧乔
232,张真英,好友,李秉宪
233,丹尼斯・吴,拍档,江铠同
234,彭于晏,搭档,刘品言
234,彭于晏,绯闻,舒淇
234,彭于晏,绯闻,蔡依林
234,彭于晏,好友,何润东
234,彭于晏,好友,阮经天
235,马苏,同学,姚笛
236,戚迹,同学,黄圣依
236,戚迹,同学,王珞丹
236,戚迹,同学,周一围
236,戚迹,同学,贾乃亮
237,宣萱,密友,古天乐
237,宣萱,密友,罗嘉良
237,宣萱,旧爱,张卫健
237,宣萱,好友,蔡少芬
238,张栋梁,绯闻,王心凌
239,super junior,组员,利特
239,super junior,组员,金希澈
239,super junior,组员,韩庚
239,super junior,组员,金钟云
239,super junior,组员,申东熙
239,super junior,组员,李晟敏
239,super junior,组员,李赫宰
239,super junior,组员,崔始源
239,super junior,组员,李东海
239,super junior,组员,金厉旭
239,super junior,组员,金起范
239,super junior,组员,圭贤
239,super junior,组员,金永云
240,刘恺威,绯闻,廖碧儿
240,刘恺威,好友,韩栋
240,刘恺威,情侣,杨幂
241,森田刚,拍档,井之原快彦
242,黄长发,兄弟,黄长兴
243,陈凯歌,旧爱,倪萍
243,陈凯歌,绯闻,许晴
243,陈凯歌,同学,田壮壮
243,陈凯歌,夫妻,陈红
244,李秉宪,绯闻,崔智友
244,李秉宪,好友,张真英
244,李秉宪,旧爱,宋慧乔
245,李瑞镇,好友,车仁表
245,李瑞镇,旧爱,金廷恩
245,李瑞镇,绯闻,李孝利
246,汪东城,拍档,炎亚纶
246,汪东城,拍档,辰亦儒
246,汪东城,好友,吴尊
247,吴浩康,旧爱,胡定欣
247,吴浩康,绯闻,郑希怡
248,喻虹渊,夫妻,周渝民
248,喻虹渊,好友,赵又廷
248,喻虹渊,好友,陈意涵
248,喻虹渊,好友,陈司翰
249,山下智久,绯闻,北川景子
249,山下智久,拍档,小山庆一郎
249,山下智久,拍档,锦户亮
250,贾樟柯,夫妻,赵涛
251,高曙光,前任夫妻,江珊
252,陈慧琳,姐弟,陈司翰
253,岑洁仪,旧爱,陶
254,江蕙,姐妹,江淑娜
255,牛青峰,同学,刘烨
255,牛青峰,同学,胡静
255,牛青峰,同学,秦海璐
255,牛青峰,同学,袁泉
255,牛青峰,同学,梅婷
255,牛青峰,同学,曾黎
255,牛青峰,同学,章子怡
255,牛青峰,同学,秦昊
256,陈数,同学,牛萌萌
257,林美贞,前任夫妻,孙兴
258,何云伟,师徒,郭德纲
259,毛舜筠,前任,张国荣
259,毛舜筠,师徒,吴千语
260,徐峥,夫妻,陶虹
261,段林希,好友,付梦妮
262,黄小蕾,同学,杨志刚
262,黄小蕾,拍档,张一鸾
262,黄小蕾,拍档,徐子u
263,祖峰,同学,孔维
263,祖峰,同学,何琳
263,祖峰,同学,张恒
263,祖峰,同学,颜丹晨
263,祖峰,同学,许还幻
263,祖峰,同学,黄晓明
263,祖峰,同学,陈坤
264,蔡依林,旧爱,周杰伦
264,蔡依林,绯闻,罗志祥
264,蔡依林,绯闻,彭于晏
264,蔡依林,好友,孙燕姿
264,蔡依林,好友,郭采洁
265,赵阳,同学,鲍蕾
265,赵阳,同学,薛佳凝
265,赵阳,同学,田海蓉
265,赵阳,同学,罗海琼
265,赵阳,同学,陆毅
266,李幼斌,夫妻,史兰芽
267,杜海涛,好友,李维嘉
267,杜海涛,好友,何炅
267,杜海涛,好友,谢娜
267,杜海涛,好友,吴昕
268,杨志刚,同学,黄小蕾
268,杨志刚,同学,于波
268,杨志刚,同学,姚晨
268,杨志刚,同学,杜淳
269,宋小宝,同门,小沈阳
269,宋小宝,师徒,赵本山
270,冯丹滢,拍档,舒淇
270,冯丹滢,拍档,刘烨
271,刘智泰,夫妻,金孝珍
272,栾云平,师徒,郭德纲
273,刘洲成,拍档,李茂
273,刘洲成,拍档,张远
273,刘洲成,拍档,马雪阳
274,吴启华,绯闻,蔡少芬
274,吴启华,旧爱,蓝洁瑛
274,吴启华,旧爱,罗泳娴
274,吴启华,旧爱,金巧巧
275,黄志忠,绯闻,柯蓝
276,苗侨伟,绯闻,梅艳芳
276,苗侨伟,绯闻,翁美玲
277,李媛,拍档,董璇
277,李媛,拍档,李晨
278,阚清子,同学,柴碧云
278,阚清子,好友,郑爽
278,阚清子,同学,景甜
279,谢安琪,绯闻,陈奕迅
279,谢安琪,夫妻,张继聪
280,张敏,绯闻,向华强
280,张敏,绯闻,周星驰
281,王宝强,前任,马蓉
282,平安,师徒,杨坤
283,叶倩文,旧爱,费翔
283,叶倩文,绯闻,郑浩南
283,叶倩文,干母子,房祖名
283,叶倩文,密友,朱玲玲
284,田中千绘,绯闻,范逸臣
285,陈好,同学,吴健
285,陈好,拍档,张博
286,福原爱,夫妻,江宏杰
287,曾黎,同学,胡静
287,曾黎,同学,梅婷
287,曾黎,旧爱,富大龙
287,曾黎,同学,刘烨
287,曾黎,同学,秦海璐
287,曾黎,同学,袁泉
287,曾黎,同学,秦昊
287,曾黎,拍档,李勤勤
287,曾黎,同学,牛青峰
287,曾黎,同学,章子怡
288,巍子,父子,王紫逸
289,王珂（刘涛老公）,夫妻,刘涛
290,江华,旧爱,邓萃雯
291,马景涛,绯闻,陈德容
291,马景涛,旧爱,田丽
291,马景涛,旧爱,于莉
292,周海媚,绯闻,黎明
292,周海媚,前任夫妻,吕良伟
293,恬妞,旧爱,钟镇涛
294,张惠妹,绯闻,王力宏
294,张惠妹,绯闻,庾澄庆
294,张惠妹,姐妹,张惠春
295,江欣燕,旧爱,张卫健
296,黄秋生,好友,吴镇宇
296,黄秋生,干父子,周杰伦
296,黄秋生,干父子,陈冠希
296,黄秋生,干父女,梁洛施
297,罗慧娟,旧爱,周星驰
297,罗慧娟,好友,陈法蓉
298,孔维,同学,何琳
298,孔维,同学,张恒
298,孔维,同学,许还幻
298,孔维,同学,赵薇
298,孔维,同学,黄晓明
298,孔维,同学,陈坤
298,孔维,同学,颜丹晨
298,孔维,同学,祖峰
299,聂远,旧爱,黄奕
299,聂远,同学,郝蕾
299,聂远,绯闻,钟欣潼
299,聂远,绯闻,胡可
299,聂远,好友,王绘春
299,聂远,绯闻,谢娜
300,吴亚桥,绯闻,谢霆锋
301,钱小豪,兄弟,钱嘉乐
301,钱小豪,绯闻,陈法蓉
302,刘小慧,旧爱,郭晋安
303,唐诗咏,绯闻,黄宗泽
303,唐诗咏,旧爱,崔建邦
304,邓萃雯,绯闻,林志豪
304,邓萃雯,好友,邵美琪
304,邓萃雯,旧爱,江华
304,邓萃雯,好友,刘晓庆
305,陈道明,好友,宋祖英
305,陈道明,拍档,王笛
305,陈道明,拍档,夏凡
305,陈道明,绯闻,左小青
306,琦琦,夫妻,任达华
307,邓丽欣,情侣,方力申
308,方子哥,拍档,周冬齐
309,陈秀雯,绯闻,罗嘉良
310,仲间由纪惠,密友,国仲凉子
310,仲间由纪惠,密友,岛谷瞳
311,李勤勤,拍档,蔡卓妍
311,李勤勤,拍档,狄龙
311,李勤勤,拍档,胡歌
311,李勤勤,拍档,宋丹丹
311,李勤勤,拍档,吴尊
311,李勤勤,拍档,陈宝国
311,李勤勤,拍档,曾黎
311,李勤勤,拍档,孙俪
312,歌浴森,师徒,那英
313,鲍蕾,夫妻,陆毅
313,鲍蕾,同学,田海蓉
313,鲍蕾,同学,罗海琼
313,鲍蕾,同学,薛佳凝
313,鲍蕾,同学,赵阳
314,陈意涵,好友,喻虹渊
314,陈意涵,绯闻,赵又廷
314,陈意涵,好友,梁洛施
315,具俊晔,旧爱,徐熙媛
316,宋丹丹,拍档,赵本山
316,宋丹丹,拍档,张洪杰
316,宋丹丹,拍档,李勤勤
317,国仲凉子,密友,仲间由纪惠
318,陈思诚,同学,孙宁
318,陈思诚,同学,李光洁
318,陈思诚,旧爱,曹曦文
319,赵晓璐,情侣,宋冬野
320,樊少皇,夫妻,贾晓晨
321,郭蔼明,夫妻,刘青云
322,顾长卫,同学,张艺谋
322,顾长卫,绯闻,张静初
322,顾长卫,夫妻,蒋雯丽
323,洪尧,情侣,李蒽熙
324,叶项明,绯闻,郑希怡
325,郑丽媛,绯闻,玄彬
325,郑丽媛,绯闻,曹承佑
325,郑丽媛,绯闻,金来沅
325,郑丽媛,旧爱,朴忠载
326,郑雨盛,旧爱,李智雅
326,郑雨盛,拍档,高圆圆
327,李玖哲,好友,周笔畅
328,井之原快彦,夫妻,濑户朝香
328,井之原快彦,拍档,三宅健
328,井之原快彦,拍档,冈田准一
328,井之原快彦,好友,长濑智也
328,井之原快彦,好友,堂本刚
328,井之原快彦,好友,香取慎吾
328,井之原快彦,拍档,森田刚
328,井之原快彦,拍档,坂本昌行
328,井之原快彦,拍档,长野博
329,张曼玉,好友,刘嘉玲
329,张曼玉,绯闻,黎明
329,张曼玉,好友,张国荣
329,张曼玉,好友,钟楚红
329,张曼玉,旧爱,尔冬升
329,张曼玉,绯闻,成龙
329,张曼玉,绯闻,梁朝伟
329,张曼玉,好友,梁家辉
330,马国明,绯闻,徐子珊
330,马国明,绯闻,曾华倩
330,马国明,绯闻,胡定欣
330,马国明,好友,黄嘉乐
331,小田切让,拍档,张东健
332,张佑赫,拍档,李在元
332,张佑赫,拍档,安七炫
332,张佑赫,拍档,安胜浩
332,张佑赫,拍档,文熙俊
333,徐成峰,拍档,廖凡
333,徐成峰,拍档,李晨
334,毛俊杰,同学,白百何
334,毛俊杰,同学,白静
334,毛俊杰,好友,李欣汝
335,赵露,师徒,那英
336,林志豪,绯闻,万绮雯
336,林志豪,绯闻,邵美琪
336,林志豪,绯闻,邓萃雯
337,张玮,师徒,那英
338,孟庭苇,好友,韩庚
339,大政绚,情侣,龟梨和也
340,莫少聪,好友,曾志伟
340,莫少聪,旧爱,洪欣
340,莫少聪,旧爱,陈宝莲
341,殷桃,拍档,邓超
341,殷桃,拍档,张博
342,陈升,师徒,刘若英
343,韩雨芹,师徒,张国立
344,申贤俊,绯闻,金喜善
344,申贤俊,绯闻,崔智友
344,申贤俊,绯闻,宋允儿
344,申贤俊,好友,郑俊浩
344,申贤俊,旧爱,钟丽缇
345,邓紫棋,绯闻男友,冯允谦
345,邓紫棋,旧爱,林宥嘉
346,谭咏麟,好友,成龙
346,谭咏麟,好友,陈百祥
346,谭咏麟,好友,曾志伟
346,谭咏麟,拍档,钟镇涛
346,谭咏麟,拍档,李克勤
346,谭咏麟,干父子,关楚耀
347,尔冬升,兄弟,秦沛
347,尔冬升,兄弟,姜大卫
347,尔冬升,旧爱,张曼玉
347,尔冬升,旧爱,余安安
348,谢婷婷,父女,谢贤
348,谢婷婷,情侣,安志杰
348,谢婷婷,母女,狄波拉
348,谢婷婷,兄妹,谢霆锋
349,王学圻,绯闻,范冰冰
350,余男,同学,左小青
350,余男,同学,邢佳栋
350,余男,绯闻,王全安
351,丁文琪,恋人,林宥嘉
352,林俊杰,好友,蔡卓妍
352,林俊杰,好友,阿杜
352,林俊杰,绯闻,金莎
352,林俊杰,好友,李宇春
353,赵欣瑜,好友,王菲
354,花儿乐队,拍档,徐子u
355,米兰达・可儿,准夫妻,奥兰多・布鲁姆
356,邵美琪,旧爱,郑伊健
356,邵美琪,好友,邓萃雯
356,邵美琪,绯闻,施祖男
356,邵美琪,绯闻,林志豪
357,韩青,同学,王斑
357,韩青,同学,胡军
358,丁当,好友,蓝又时
358,丁当,同门,严爵
359,邓超,好友,李小冉
359,邓超,拍档,张嘉译
359,邓超,同学,朱雨辰
359,邓超,拍档,殷桃
359,邓超,夫妻,孙俪
359,邓超,拍档,董洁
359,邓超,旧爱,郝蕾
359,邓超,绯闻,江一燕
360,江美琪,绯闻,光良
361,邵兵,同学,柳云龙
361,邵兵,同学,俞飞鸿
362,张嘉倪,旧爱,杜淳
362,张嘉倪,好友,高梓淇
363,杜志国,拍档,彭冠英
364,井柏然,好友,付辛博
365,沈银河,绯闻,张东健
366,金永云,组员,super junior
367,陈翔,好友,胡夏
367,陈翔,好友,蒋梦婕
367,陈翔,好友,刘诗诗
367,陈翔,情侣,毛晓彤
368,明道,绯闻,王心凌
368,明道,绯闻,白歆惠
368,明道,绯闻,曾之乔
368,明道,拍档,祝钒刚
368,明道,拍档,颜行书
369,金范,好友,金素恩
370,汪峰,旧爱,葛荟婕
370,汪峰,好友,黄绮珊
371,阎娜,绯闻,周渝民
372,曹格,绯闻,徐若u
372,曹格,绯闻,卓文萱
372,曹格,绯闻,戴佩妮
373,罗中旭,好友,孙楠
373,罗中旭,旧爱,瞿颖
373,罗中旭,好友,景岗山
374,孙菲菲,好友,袁姗姗
375,秦岚,旧爱,保剑锋
375,秦岚,旧爱,黄晓明
376,李代沫,师徒,刘欢
376,李代沫,同门,吉克隽逸
377,欧弟,好友,贾静雯
377,欧弟,同学,罗志祥
377,欧弟,情侣,香蜜拉
377,欧弟,夫妻,郑云灿
377,欧弟,师徒,郭德纲
378,贾青,拍档,王笛
379,张杰,好友,何炅
379,张杰,夫妻,谢娜
379,张杰,好友,魏晨
379,张杰,拍档,孟茜
380,谢霆锋,兄妹,谢婷婷
380,谢霆锋,父子,谢贤
380,谢霆锋,干母子,汪明荃
380,谢霆锋,母子,狄波拉
380,谢霆锋,旧爱,王菲
380,谢霆锋,好友,刘嘉玲
380,谢霆锋,同学,陈冠希
380,谢霆锋,密友,陈奕迅
380,谢霆锋,绯闻,郑秀文
380,谢霆锋,干姐弟,梅艳芳
380,谢霆锋,绯闻,吴亚桥
380,谢霆锋,绯闻,杨幂
380,谢霆锋,好友,熊黛林
381,天心,同学,舒淇
382,李诗韵,好友,汤盈盈
383,陈建斌,同学,王学兵
383,陈建斌,同学,曹卫宇
383,陈建斌,同学,李亚鹏
383,陈建斌,夫妻,蒋勤勤
383,陈建斌,拍档,张博
384,胡冰卿,情侣,华汉
385,吉克隽逸,师徒,刘欢
385,吉克隽逸,同门,李代沫
385,吉克隽逸,情侣,刘石坚
386,孙坚,同学,白百何
387,黄伊汶,旧爱,余文乐
388,张赫,绯闻,全智贤
389,田蕊妮,夫妻,杜汶泽
390,周笔畅,好友,李玖哲
390,周笔畅,同门,方力申
390,周笔畅,绯闻,杨宗纬
390,周笔畅,好友,汪涵
390,周笔畅,同门,胡彦斌
390,周笔畅,好友,李晨
390,周笔畅,好友,陈柏霖
390,周笔畅,好友,付辛博
391,武艺,好友,姜潮
392,李国麟,好友,苑琼丹
393,金孝珍,旧爱,金来沅
393,金孝珍,夫妻,刘智泰
393,金孝珍,旧爱,朴忠载
394,关楚耀,干父子,谭咏麟
394,关楚耀,好友,张敬轩
395,付梦妮,好友,张智霖
395,付梦妮,好友,魏晨
395,付梦妮,好友,李斯丹妮
395,付梦妮,好友,苏妙玲
395,付梦妮,好友,段林希
396,朴有天,拍档,沈昌珉
396,朴有天,密友,金贤重
396,朴有天,拍档,金在中
396,朴有天,拍档,金俊秀
396,朴有天,拍档,郑允浩
397,樊馨蔓,夫妻,张纪中
398,杨采妮,好友,郭富城
398,杨采妮,旧爱,吴奇隆
398,杨采妮,绯闻,黎明
398,杨采妮,绯闻,金城武
399,郑秀文,绯闻,古天乐
399,郑秀文,绯闻,谢霆锋
399,郑秀文,绯闻,言承旭
399,郑秀文,夫妻,许志安
400,吴建豪,旧爱,徐若u
400,吴建豪,拍档,言承旭
400,吴建豪,拍档,朱孝天
400,吴建豪,绯闻,陈德容
401,于文凤,旧爱,周星驰
402,罗文,师徒,容祖儿
402,罗文,师徒,郑伊健
402,罗文,师徒,黎姿
402,罗文,拍档,甄妮
402,罗文,师徒,关淑怡
402,罗文,好友,张学友
402,罗文,好友,邓光荣
403,王乃恩,师徒,刘欢
404,罗志祥,绯闻,周秀娜
404,罗志祥,绯闻,杨丞琳
404,罗志祥,绯闻,徐熙媛
404,罗志祥,绯闻,蔡依林
404,罗志祥,同学,欧弟
404,罗志祥,好友,郭采洁
404,罗志祥,绯闻,徐怀钰
404,罗志祥,好友,陈建州
404,罗志祥,好友,付辛博
405,柯佳,旧爱,王柏杰
406,喻可欣,旧爱,刘德华
407,马雪阳,拍档,刘洲成
407,马雪阳,拍档,李茂
407,马雪阳,拍档,张远
408,克里斯汀・斯图尔特,情侣,罗伯特・帕丁森
409,梁冠华,好友,曲栅栅
410,董洁,绯闻,王大治
410,董洁,拍档,邓超
410,董洁,拍档,张洪杰
411,朱雨辰,绯闻,汤唯
411,朱雨辰,好友,文章
411,朱雨辰,好友,佟大为
411,朱雨辰,同学,邓超
412,瞿颖,旧爱,罗中旭
412,瞿颖,旧爱,李亚鹏
412,瞿颖,绯闻,胡兵
413,孔侑,好友,赵寅成
413,孔侑,好友,金宣儿
413,孔侑,好友,姜东元
414,刘浩龙,情侣,容祖儿
414,刘浩龙,绯闻,何韵诗
415,钱嘉乐,兄弟,钱小豪
415,钱嘉乐,夫妻,汤盈盈
415,钱嘉乐,旧爱,李珊珊
416,吴佩慈,密友,范玮琪
416,吴佩慈,好友,徐熙媛
416,吴佩慈,密友,范晓萱
417,刘惜君,好友,谈莉娜
418,刘家辉,干兄弟,刘家荣
418,刘家辉,干兄弟,刘家良
419,毛阿敏,好友,那英
419,毛阿敏,好友,王菲
420,曾一鸣,好友,卢洁云
421,香取慎吾,拍档,木村拓哉
421,香取慎吾,好友,井之原快彦
421,香取慎吾,拍档,稻垣吾郎
422,夏雨,同学,吴军忱
422,夏雨,绯闻,高圆圆
422,夏雨,夫妻,袁泉
422,夏雨,绯闻,左小青
422,夏雨,拍档,韩雯雯
423,江疏影,旧爱,胡歌
424,魏语诺,师徒,庾澄庆
425,杨迪,夫妻,水均益
426,陈乔恩,旧爱,霍建华
426,陈乔恩,绯闻,古天乐
426,陈乔恩,好友,郑元畅
426,陈乔恩,好友,贺军翔
426,陈乔恩,好友,阮经天
426,陈乔恩,绯闻,邱泽
427,袁成杰,拍档,戚薇
428,堂本光一,绯闻,深田恭子
429,刘晓虎,同学,廖凡
429,刘晓虎,同学,任泉
429,刘晓虎,好友,李欣汝
429,刘晓虎,同学,刘小锋
429,刘晓虎,同学,李冰冰
430,王健林,父子,王思聪
431,韩红,绯闻,许志安
431,韩红,好友,张卫健
431,韩红,好友,郭敬明
431,韩红,好友,孙楠
431,韩红,好友,满文军
431,韩红,好友,赵薇
432,金莎,绯闻,林俊杰
433,黄明,搭档,王丽坤
433,黄明,搭档,刘涛
433,黄明,搭档,刘冬
434,李晟敏,组员,super junior
435,曹永廉,翁婿,姜大卫
435,曹永廉,好友,唐文龙
436,曹云金,同门,岳云鹏
436,曹云金,师徒,郭德纲
437,陈思斯,同学,白百何
437,陈思斯,绯闻,张晓龙
438,吕婉柔,绯闻,汪小菲
439,陈可辛,好友,文章
439,陈可辛,夫妻,吴君如
440,潘粤明,好友,刘涛
440,潘粤明,好友,黄海波
440,潘粤明,绯闻,李羲儿
440,潘粤明,拍档,韩雯雯
440,潘粤明,绯闻,范冰冰
441,香蜜拉,情侣,欧弟
441,香蜜拉,干父女,胡瓜
442,叶静,同学,凌潇肃
442,叶静,同学,于波
442,叶静,同学,姚晨
442,叶静,同学,杜淳
443,陈西贝,好友,何洁
443,陈西贝,好友,黄雅莉
444,郭品超,绯闻,许慧欣
444,郭品超,绯闻,安以轩
444,郭品超,好友,何润东
445,郑恺,情侣,程晓h
446,齐豫,姐弟,齐秦
447,陈月末,父子,陈宝国
448,李小璐,绯闻,韩庚
448,李小璐,夫妻,贾乃亮
448,李小璐,绯闻,蒲巴甲
448,李小璐,密友,杨幂
448,李小璐,绯闻,李晨
449,刘孜,同学,徐静蕾
450,上野树里,好友,真木阳子
451,买红妹,好友,满文军
452,张家辉,夫妻,关咏荷
453,陈坚红,夫妻,王志文
454,张睿,绯闻,李晟
454,张睿,好友,海陆
454,张睿,好友,李佳航
454,张睿,好友,高梓淇
455,牛萌萌,拍档,王笛
455,牛萌萌,同学,陈数
456,杨谨华,旧爱,朱孝天
457,王婉霏,夫妻,刘u宏
458,郭彦均,兄弟,郭彦甫
459,柴碧云,同学,郑爽
459,柴碧云,同学,景甜
459,柴碧云,同学,阚清子
459,柴碧云,同学,王今铎
460,娜仁花,夫妻,宁才
461,托比・马奎尔,好友,莱昂纳多・迪卡普里奥
462,王学兵,同学,陈建斌
462,王学兵,同学,曹卫宇
462,王学兵,旧爱,范冰冰
462,王学兵,同学,李亚鹏
463,长濑智也,好友,井之原快彦
463,长濑智也,旧爱,滨崎步
463,长濑智也,情侣,相武纱季
464,胡夏,好友,陈翔
465,佘诗曼,绯闻,林峰
465,佘诗曼,绯闻,吴卓羲
465,佘诗曼,绯闻,罗嘉良
465,佘诗曼,绯闻,扬明
465,佘诗曼,旧爱,陈浩民
465,佘诗曼,旧爱,郑嘉颖
465,佘诗曼,绯闻,张智霖
465,佘诗曼,绯闻,丁子高
465,佘诗曼,好友,汤盈盈
465,佘诗曼,绯闻,马德钟
465,佘诗曼,绯闻,麦子乐
465,佘诗曼,好友,周家怡
466,杜淳,同学,凌潇肃
466,杜淳,同学,叶静
466,杜淳,旧爱,张嘉倪
466,杜淳,好友,聂鑫
466,杜淳,好友,戴娇倩
466,杜淳,同学,杨志刚
466,杜淳,同学,于波
466,杜淳,同学,姚晨
467,金廷恩,旧爱,李瑞镇
467,金廷恩,好友,张真英
468,金在中,拍档,朴有天
468,金在中,拍档,沈昌珉
468,金在中,拍档,金俊秀
468,金在中,拍档,郑允浩
469,张学友,好友,梁朝伟
469,张学友,好友,周星驰
469,张学友,好友,曾志伟
469,张学友,好友,张国荣
469,张学友,好友,庾澄庆
469,张学友,好友,林忆莲
469,张学友,好友,陈慧娴
469,张学友,好友,罗文
469,张学友,好友,梅艳芳
470,相武纱季,情侣,长濑智也
471,马德钟,绯闻,佘诗曼
471,马德钟,绯闻,郭羡妮
471,马德钟,绯闻,胡定欣
471,马德钟,绯闻,陈慧珊
472,钟嘉欣,绯闻,林峰
472,钟嘉欣,绯闻,郑伊健
473,唐宁,好友,胡定欣
474,苏见信,绯闻,关之琳
474,苏见信,好友,李宇春
475,何晴,旧爱,刘威
475,何晴,前任夫妻,许亚军
476,朱珠,情侣,李泉
477,赫子铭,情侣,何洁
478,加藤爱,绯闻,反町隆史
479,贾乃亮,同学,黄圣依
479,贾乃亮,同学,周一围
479,贾乃亮,同学,王珞丹
479,贾乃亮,同学,戚迹
479,贾乃亮,夫妻,李小璐
480,韩庚,好友,孟庭苇
480,韩庚,绯闻,江铠同
480,韩庚,拍档,周觅
480,韩庚,拍档,崔始源
480,韩庚,拍档,金希澈
480,韩庚,拍档,圭贤
480,韩庚,拍档,李东海
480,韩庚,绯闻,黄奕
480,韩庚,拍档,刘宪华
480,韩庚,绯闻,李小璐
480,韩庚,情侣,李冰玉
480,韩庚,组员,super junior
481,陈小艺,同学,胡军
481,陈小艺,同学,王斑
481,陈小艺,同学,徐帆
481,陈小艺,拍档,焦俊艳
481,陈小艺,同学,江珊
481,陈小艺,同学,何冰
482,王琪玮,师徒,那英
483,小沈阳,夫妻,沈春阳
483,小沈阳,同门,王小利
483,小沈阳,同门,宋小宝
484,杨恭如,绯闻,郑伊健
484,杨恭如,绯闻,古天乐
484,杨恭如,绯闻,林文龙
485,高x裕太,母子,高x淳子
486,长野博,拍档,井之原快彦
487,木村拓哉,夫妻,工藤静香
487,木村拓哉,好友,酒井法子
487,木村拓哉,拍档,稻垣吾郎
487,木村拓哉,拍档,香取慎吾
488,稻垣吾郎,拍档,木村拓哉
488,稻垣吾郎,拍档,香取慎吾
489,谭俊彦,父子,狄龙
490,吴岱凝,夫妻,朴树
491,章龄之,夫妻,陈龙
492,刘若英,师徒,陈升
492,刘若英,好友,黄磊
492,刘若英,好友,滕华涛
492,刘若英,好友,周迅
493,王思聪,旧爱,张予曦
493,王思聪,情侣,朱宸慧
493,王思聪,绯闻,黄慧
493,王思聪,情侣,李惠h
493,王思聪,父子,王健林
494,邓文迪,密友,章子怡
495,金宣儿,好友,赵寅成
495,金宣儿,好友,孔侑
495,金宣儿,好友,李东健
496,刘晓庆,好友,邓萃雯
496,刘晓庆,旧爱,姜文
497,包伟铭,兄弟,包小柏
498,刘荷娜,绯闻,林志颖
499,陈柏霖,好友,周笔畅
499,陈柏霖,绯闻,梁洛施
499,陈柏霖,绯闻,桂纶镁
500,田亮,绯闻,叶璇
500,田亮,夫妻,叶一茜
500,田亮,旧爱,郭晶晶
501,安志杰,情侣,谢婷婷
502,刘思彤,好友,吴奇隆
503,李晨,好友,潘玮柏
503,李晨,情侣,张馨予
503,李晨,好友,俞思远
503,李晨,绯闻,李小璐
503,李晨,好友,周笔畅
503,李晨,拍档,李媛
503,李晨,拍档,徐成峰
504,文章,好友,佟大为
504,文章,同学,白百何
504,文章,好友,朱雨辰
504,文章,同学,童瑶
504,文章,同学,沈佳妮
504,文章,同学,曹曦文
504,文章,同学,唐嫣
504,文章,夫妻,马伊P
504,文章,好友,李连杰
504,文章,好友,陈可辛
504,文章,同学,白静
504,文章,同学,秦丽
504,文章,同学,杨烁
504,文章,好友,谢娜
505,徐子淇,旧爱,洪天明
505,徐子淇,好友,邝文
506,秦沛,兄弟,尔冬升
506,秦沛,旧爱,翁倩玉
506,秦沛,兄弟,姜大卫
507,罗康妮,绯闻,周杰伦
508,刘u宏,好友,周杰伦
508,刘u宏,夫妻,王婉霏
509,胡杏儿,好友,林峰
509,胡杏儿,旧爱,黄宗泽
509,胡杏儿,好友,吴卓羲
509,胡杏儿,绯闻,黄少祺
509,胡杏儿,好友,陈键锋
509,胡杏儿,好友,汤盈盈
509,胡杏儿,好友,胡定欣
509,胡杏儿,绯闻,冯绍峰
510,吴军忱,同学,夏雨
511,吴婷,绯闻,霍启刚
512,田野,同学,白百何
513,冯允谦,绯闻男友,邓紫棋
514,王栎鑫,好友,俞灏明
515,房祖名,干母子,叶倩文
515,房祖名,父子,成龙
515,房祖名,绯闻,钟欣潼
516,陈司翰,姐弟,陈慧琳
516,陈司翰,好友,喻虹渊
516,陈司翰,好友,牟凤彬
517,张远,拍档,刘洲成
517,张远,拍档,马雪阳
517,张远,拍档,李茂
518,邵峰,同学,许晴
518,邵峰,同学,蒋雯丽
519,山田孝之,绯闻,绫濑遥
520,杨雅筑,绯闻,黄子佼
520,杨雅筑,绯闻,范植伟
521,塞巴斯蒂安・斯坦,情侣,莉顿・梅斯特
522,葛存壮,父子,葛优
523,宋冬野,情侣,赵晓璐
524,曾华倩,旧爱,梁朝伟
524,曾华倩,绯闻,马国明
525,莱昂纳多・迪卡普里奥,情侣,芭儿・拉法莉
525,莱昂纳多・迪卡普里奥,好友,凯特・温斯莱特
525,莱昂纳多・迪卡普里奥,好友,托比・马奎尔
526,朱芯仪,夫妻,贾鹏礼
527,山田优,夫妻,小栗旬
528,于莉,旧爱,马景涛
529,麦子乐,绯闻,佘诗曼
530,刘涛,好友,林心如
530,刘涛,好友,李心洁
530,刘涛,好友,潘粤明
530,刘涛,好友,秦海璐
530,刘涛,夫妻,王珂（刘涛老公）
530,刘涛,搭档,黄明
531,陈晓,情侣,陈妍希
532,宋佳,好友,徐静蕾
533,言承旭,绯闻,林志玲
533,言承旭,绯闻,郑秀文
533,言承旭,绯闻,关颖
533,言承旭,绯闻,张熙恩
533,言承旭,拍档,周渝民
533,言承旭,拍档,吴建豪
533,言承旭,拍档,朱孝天
534,练束梅,同学,姚笛
535,吴宗宪,拍档,侯佩岑
535,吴宗宪,绯闻,宋新妮
535,吴宗宪,旧爱,陈孝萱
536,全智贤,绯闻,张赫
536,全智贤,绯闻,rain
537,宋慧乔,绯闻,宋承宪
537,宋慧乔,旧爱,李秉宪
537,宋慧乔,绯闻,金民钟
537,宋慧乔,好友,张真英
537,宋慧乔,绯闻,rain
538,陈慧娴,好友,张学友
539,郭羡妮,绯闻,古天乐
539,郭羡妮,旧爱,温兆伦
539,郭羡妮,绯闻,陶大宇
539,郭羡妮,绯闻,马德钟
539,郭羡妮,绯闻,马浚伟
540,蒋雯丽,同学,许晴
540,蒋雯丽,同学,邵峰
540,蒋雯丽,夫妻,顾长卫
541,陈玉莲,绯闻,刘德华
541,陈玉莲,旧爱,周润发
542,戴佩妮,好友,蔡健雅
542,戴佩妮,绯闻,曹格
543,唐一菲,夫妻,凌潇肃
544,昆凌,绯闻,周杰伦
545,黄智贤,旧爱,玄彬
546,刘伟强,好友,郑伊健
547,谭维维,情侣,张博
548,布莱克・莱弗利,旧爱,佩恩・贝格利
549,郑欣宜,父女,郑少秋
549,郑欣宜,干父女,邓光荣
550,本・阿弗莱克,旧爱,詹妮弗・洛佩兹
551,吴尊,好友,杨丞琳
551,吴尊,好友,汪东城
551,吴尊,绯闻,林依晨
551,吴尊,好友,炎亚纶
551,吴尊,好友,辰亦儒
551,吴尊,拍档,李勤勤
552,曾志伟,好友,成龙
552,曾志伟,好友,谭咏麟
552,曾志伟,好友,陈百祥
552,曾志伟,好友,张学友
552,曾志伟,父女,曾宝仪
552,曾志伟,好友,苑琼丹
552,曾志伟,好友,莫少聪
552,曾志伟,好友,崔建邦
552,曾志伟,父子,曾国祥
553,林志玲,绯闻,言承旭
553,林志玲,绯闻,张晓龙
554,秦丽,同学,文章
554,秦丽,同学,白百何
554,秦丽,同学,唐嫣
555,汪明荃,夫妻,罗家英
555,汪明荃,干母子,谢霆锋
556,林文龙,绯闻,黎姿
556,林文龙,绯闻,杨恭如
556,林文龙,夫妻,郭可盈
557,新垣结衣,绯闻,三浦春马
558,邱泽,绯闻,陈乔恩
558,邱泽,情侣,唐嫣
558,邱泽,绯闻,杨丞琳
559,刘之冰,夫妻,茹萍
560,郭晋安,旧爱,刘小慧
561,严爵,同门,丁当
562,何赛飞,拍档,尚于博
563,凌潇肃,夫妻,唐一菲
563,凌潇肃,同学,叶静
563,凌潇肃,同学,于波
563,凌潇肃,同学,杜淳
564,金贤珠,旧爱,苏志燮
564,金贤珠,好友,朴容夏
565,马剑棋,姐妹,马剑琴
566,赵寅成,好友,孔侑
566,赵寅成,好友,金宣儿
566,赵寅成,好友,姜东元
567,大仓忠义,拍档,锦户亮
568,杨烁,同学,文章
568,杨烁,同学,曹曦文
568,杨烁,同学,唐嫣
568,杨烁,同学,白百何
569,金素恩,好友,金范
570,李茂,拍档,刘洲成
570,李茂,拍档,张远
570,李茂,拍档,马雪阳
571,李子峰,旧爱,张天爱
571,李子峰,绯闻,吴昕
572,邱心志,情侣,菅韧姿
573,何炅,好友,胡歌
573,何炅,好友,吴昕
573,何炅,好友,李维嘉
573,何炅,夫妻,王菁
573,何炅,好友,李湘
573,何炅,好友,杜海涛
573,何炅,拍档,孟茜
573,何炅,绯闻,戴军
573,何炅,好友,张杰
573,何炅,好友,谢娜
574,陈敏之,绯闻,郑嘉颖
574,陈敏之,旧爱,扬明
575,邝文,好友,徐子淇
576,关淑怡,同门,郑伊健
576,关淑怡,师徒,罗文
577,汤唯,绯闻,玄彬
577,汤唯,师徒,李安（导演）
577,汤唯,绯闻,吴秀波
577,汤唯,绯闻,王力宏
577,汤唯,绯闻,段奕宏
577,汤唯,绯闻,朱雨辰
578,娜奥米・沃茨,前任,列维・施瑞博尔
578,娜奥米・沃茨,旧爱,希斯・莱杰
579,许飞,好友,厉娜
580,车仁表,好友,张东健
580,车仁表,好友,李瑞镇
580,车仁表,夫妻,申爱罗
581,钟楚红,绯闻,成龙
581,钟楚红,密友,林青霞
581,钟楚红,好友,张曼玉
581,钟楚红,好友,张国荣
582,陆毅,同学,赵阳
582,陆毅,夫妻,鲍蕾
582,陆毅,拍档,张博
582,陆毅,同学,薛佳凝
582,陆毅,同学,罗海琼
583,张佩华,旧爱,刘雪华
584,姜文,绯闻,宁静
584,姜文,兄弟,姜武
584,姜文,夫妻,周韵
584,姜文,同学,吕丽萍
584,姜文,绯闻,马晓晴
584,姜文,旧爱,刘晓庆
585,郎朗,绯闻,巩新亮
585,郎朗,绯闻,刘亦菲
586,蓝洁瑛,绯闻,周星驰
586,蓝洁瑛,绯闻,梁朝伟
586,蓝洁瑛,旧爱,吴启华
587,柳云龙,同学,俞飞鸿
587,柳云龙,同学,邵兵
588,滕华涛,好友,刘若英
588,滕华涛,父子,滕文骥
588,滕华涛,好友,马伊P
589,杜德伟,旧爱,吴君如
589,杜德伟,旧爱,周汶
590,王斑,同学,徐帆
590,王斑,夫妻,曹颖
590,王斑,同学,陈小艺
590,王斑,同学,江珊
590,王斑,同学,韩青
590,王斑,同学,何冰
591,邱淑贞,好友,张智霖
591,邱淑贞,好友,郭富城
592,何润东,好友,彭于晏
592,何润东,好友,郭品超
592,何润东,好友,贾静雯
592,何润东,绯闻,徐熙媛
592,何润东,拍档,张博
592,何润东,绯闻,余声
592,何润东,夫妻,林静仪
593,朴信惠,绯闻,朴海镇
594,邓梓峰,绯闻,吴绮莉
595,罗嘉良,夫妻,苏岩
595,罗嘉良,绯闻,佘诗曼
595,罗嘉良,密友,宣萱
595,罗嘉良,绯闻,陈秀雯
596,曹承佑,绯闻,郑丽媛
597,林峰,密友,吴卓羲
597,林峰,情侣,吴千语
597,林峰,绯闻,叶璇
597,林峰,旧爱,潘霜霜
597,林峰,绯闻,唐嫣
597,林峰,好友,胡杏儿
597,林峰,绯闻,佘诗曼
597,林峰,绯闻,蔡卓妍
597,林峰,绯闻,钟嘉欣
597,林峰,好友,汤盈盈
598,严正花,好友,张真英
599,甄妮,拍档,罗文
600,刘威,旧爱,杨若兮
600,刘威,好友,张丰毅
600,刘威,旧爱,何晴
601,温兆伦,旧爱,郭羡妮
602,厉娜,绯闻,黄征
602,厉娜,好友,许飞
603,释小龙,旧爱,何洁
604,蒲巴甲,绯闻,李小璐
604,蒲巴甲,同学,林更新
605,辛柏青,同学,史兰芽
606,李钟原,好友,郑俊浩
607,陈奕迅,旧爱,杨千
607,陈奕迅,好友,庾澄庆
607,陈奕迅,绯闻,谢安琪
607,陈奕迅,好友,王菲
607,陈奕迅,密友,谢霆锋
608,张孝全,好友,杨佑宁
608,张孝全,旧爱,徐怀钰
609,范伟,拍档,赵本山
610,郭家铭,同学,白百何
610,郭家铭,绯闻,郝蕾
611,杜若溪,同学,李念
611,杜若溪,同学,雷佳音
612,韩雪,同学,胡歌
612,韩雪,好友,韩寒
612,韩雪,同学,袁弘
613,苑冉,好友,张子健
613,苑冉,好友,戴云霞
614,洪金宝,翁媳,周家蔚
614,洪金宝,父子,洪天明
614,洪金宝,绯闻,范冰冰
615,金起范,组员,super junior
616,颜行书,绯闻,张韶涵
616,颜行书,拍档,明道
616,颜行书,拍档,祝钒刚
616,颜行书,拍档,黄玉荣
617,李蜜,绯闻,赵普
618,曹曦文,旧爱,陈思诚
618,曹曦文,同学,白百何
618,曹曦文,同学,文章
618,曹曦文,同学,童瑶
618,曹曦文,同学,杨烁
618,曹曦文,同学,沈佳妮
618,曹曦文,同学,唐嫣
619,王雷,情侣,李小萌
620,寇振海,同学,郭凯敏
621,陈建州,好友,周杰伦
621,陈建州,好友,王力宏
621,陈建州,好友,罗志祥
621,陈建州,夫妻,范玮琪
621,陈建州,好友,徐熙媛
621,陈建州,好友,张柏芝
621,陈建州,好友,潘玮柏
622,张纪中,干父子,李亚鹏
622,张纪中,夫妻,樊馨蔓
622,张纪中,干父子,肖齐
623,彭敬慈,师徒,梅艳芳
624,曲栅栅,好友,张子健
624,曲栅栅,好友,梁冠华
625,谢天华,拍档,陈小春
626,赤西仁,夫妻,黑木明纱
627,赵又廷,绯闻,陈意涵
627,赵又廷,好友,喻虹渊
627,赵又廷,情侣,高圆圆
628,许茹芸,密友,梁咏琪
628,许茹芸,绯闻,范植伟
628,许茹芸,好友,陈珊妮
629,徐子u,拍档,黄小蕾
629,徐子u,拍档,花儿乐队
630,郭彦甫,兄弟,郭彦均
631,陈羽凡,好友,黄征
631,陈羽凡,拍档,胡海泉
631,陈羽凡,夫妻,白百何
632,夏克立,夫妻,黄嘉千
633,雷佳音,同学,杜若溪
634,吴健,同学,陈好
635,张彻,师徒,狄龙
635,张彻,师徒,姜大卫
636,汪涵,夫妻,杨乐乐
636,汪涵,好友,周笔畅
636,汪涵,绯闻,任青
637,朱玲玲,密友,叶倩文
637,朱玲玲,母子,霍启刚
638,申爱罗,夫妻,车仁表
639,池贤宇,情侣,刘仁娜
640,玉木宏,绯闻,深田恭子
641,王绘春,好友,聂远
642,黄雅莉,好友,何洁
642,黄雅莉,好友,陈西贝
643,王丽坤,搭档,黄明
644,袁弘,同学,胡歌
644,袁弘,同学,韩雪
644,袁弘,好友,林更新
644,袁弘,好友,韩栋
644,袁弘,好友,杨幂
645,赵显宰,好友,李东健
646,周渝民,拍档,言承旭
646,周渝民,夫妻,喻虹渊
646,周渝民,拍档,朱孝天
646,周渝民,旧爱,徐熙媛
646,周渝民,旧爱,许玮伦
646,周渝民,绯闻,阎娜
647,陈浩民,旧爱,佘诗曼
647,陈浩民,旧爱,叶璇
648,李小婉,母子,林申
649,黄晓明,绯闻,应采儿
649,黄晓明,绯闻,胡可
649,黄晓明,好友,李宇春
649,黄晓明,绯闻,安以轩
649,黄晓明,旧爱,秦岚
649,黄晓明,同学,孔维
649,黄晓明,旧爱,李菲儿
649,黄晓明,同学,颜丹晨
649,黄晓明,同学,许还幻
649,黄晓明,同学,祖峰
649,黄晓明,好友,赵薇
649,黄晓明,好友,陈坤
650,方大同,绯闻,薛凯琪
651,李敏镐,旧爱,朴敏英
652,庾澄庆,情侣,张嘉欣
652,庾澄庆,绯闻,张惠妹
652,庾澄庆,好友,陈奕迅
652,庾澄庆,好友,张学友
652,庾澄庆,师徒,吴莫愁
652,庾澄庆,师徒,金池
652,庾澄庆,师徒,王韵壹
652,庾澄庆,师徒,褚乔
652,庾澄庆,师徒,李维真
652,庾澄庆,师徒,谢丹
652,庾澄庆,师徒,魏语诺
653,倪雅丰,师徒,杨坤
654,安七炫,拍档,张佑赫
654,安七炫,拍档,安胜浩
654,安七炫,拍档,文熙俊
654,安七炫,旧爱,朴志胤
654,安七炫,拍档,李在元
655,张卫健,绯闻,林心如
655,张卫健,绯闻,周慧敏
655,张卫健,旧爱,江欣燕
655,张卫健,好友,韩红
655,张卫健,夫妻,张茜
655,张卫健,绯闻,黎姿
655,张卫健,好友,许志安
655,张卫健,旧爱,宣萱
655,张卫健,好友,梁汉文
656,王志文,同学,胡亚捷
656,王志文,夫妻,陈坚红
656,王志文,旧爱,许晴
656,王志文,旧爱,徐帆
656,王志文,拍档,王笛
656,王志文,拍档,夏凡
656,王志文,同学,陆剑民
657,陈宝莲,旧爱,莫少聪
658,罗泳娴,旧爱,吴启华
659,辰亦儒,拍档,汪东城
659,辰亦儒,拍档,炎亚纶
659,辰亦儒,好友,吴尊
660,李泉,旧爱,柯蓝
660,李泉,绯闻,赵薇
660,李泉,情侣,朱珠
661,薛景求,夫妻,宋允儿
662,龚蓓,同学,段奕宏
662,龚蓓,同学,高虎
662,龚蓓,同学,陶虹
662,龚蓓,同学,印小天
662,龚蓓,同学,涂松岩
663,杨宗纬,绯闻,周笔畅
664,王心凌,旧爱,范植伟
664,王心凌,绯闻,明道
664,王心凌,绯闻,张栋梁
664,王心凌,好友,卢洁云
665,沈傲君,好友,任泉
665,沈傲君,好友,黄海波
665,沈傲君,好友,戴军
666,张晓龙,绯闻,林志玲
666,张晓龙,绯闻,陈思斯
667,计春华,搭档,李连杰
667,计春华,搭档,郑少秋
668,黎瑞恩,密友,李婉华
669,葛优,父,葛子铭
669,葛优,父子,葛存壮
670,锦户亮,拍档,山下智久
670,锦户亮,拍档,小山庆一郎
670,锦户亮,拍档,大仓忠义
671,江铠同,拍档,丹尼斯・吴
671,江铠同,好友,郑爽
671,江铠同,好友,张翰
671,江铠同,好友,任泉
671,江铠同,好友,曾之乔
671,江铠同,好友,左小青
671,江铠同,好友,潘之琳
671,江铠同,好友,李湘
671,江铠同,绯闻,韩庚
672,竹内结子,前任夫妻,中村狮童
673,高圆圆,情侣,赵又廷
673,高圆圆,拍档,郑雨盛
673,高圆圆,好友,贾静雯
673,高圆圆,绯闻,夏雨
674,李连杰,夫妻,利智
674,李连杰,好友,文章
674,李连杰,搭档,计春华
675,吴秀波,绯闻,汤唯
676,霍启刚,母子,朱玲玲
676,霍启刚,夫妻,郭晶晶
676,霍启刚,绯闻,吴婷
677,翟天临,拍档,丁子峻
677,翟天临,拍档,杜琪峰
677,翟天临,拍档,邓婕
677,翟天临,拍档,张一鸾
678,郑爽,好友,阚清子
678,郑爽,情侣,胡彦斌
678,郑爽,旧爱,张翰
678,郑爽,好友,江铠同
678,郑爽,同学,柴碧云
679,李解,同学,黄海波
679,李解,同学,海清
680,张靓颖,好友,李湘
680,张靓颖,情人,冯轲
681,李斯丹妮,好友,付梦妮
682,吕方,旧爱,郑裕玲
683,黄海波,好友,潘粤明
683,黄海波,好友,沈傲君
683,黄海波,同学,海清
683,黄海波,旧爱,莫小棋
683,黄海波,绯闻,姚芊羽
683,黄海波,同学,李解
684,钟欣潼,密友,容祖儿
684,钟欣潼,绯闻,房祖名
684,钟欣潼,绯闻,余文乐
684,钟欣潼,拍档,蔡卓妍
684,钟欣潼,绯闻,方力申
684,钟欣潼,旧爱,麦浚龙
684,钟欣潼,绯闻,聂远
684,钟欣潼,好友,梁洛施
684,钟欣潼,好友,郑希怡
685,黄子佼,旧爱,曾宝仪
685,黄子佼,绯闻,杨雅筑
686,梁汉文,好友,许志安
686,梁汉文,好友,张卫健
687,魏晨,好友,苏醒
687,魏晨,好友,张杰
687,魏晨,好友,付梦妮
688,李响,绯闻,孙骁骁
689,舒畅,拍档,韩雯雯
690,李智雅,旧爱,郑雨盛
691,安以轩,绯闻,郭品超
691,安以轩,绯闻,黄晓明
692,段奕宏,绯闻,汤唯
692,段奕宏,同学,陶虹
692,段奕宏,同学,印小天
692,段奕宏,同学,高虎
692,段奕宏,同学,龚蓓
692,段奕宏,绯闻,左小青
692,段奕宏,同学,涂松岩
693,周一围,同学,黄圣依
693,周一围,同学,王珞丹
693,周一围,拍档,王笛
693,周一围,同学,戚迹
693,周一围,同学,贾乃亮
694,刘雯,情侣,崔始源
695,刘昊霖,师徒,刘欢
696,狄龙,舅甥,林海峰
696,狄龙,拍档,姜大卫
696,狄龙,父子,谭俊彦
696,狄龙,师徒,张彻
696,狄龙,拍档,李勤勤
697,宋祖英,好友,周杰伦
697,宋祖英,好友,沙宝亮
697,宋祖英,好友,陈道明
698,李李仁,夫妻,陶晶莹
699,贾静雯,好友,何润东
699,贾静雯,好友,苏有朋
699,贾静雯,好友,赵文卓
699,贾静雯,好友,高圆圆
699,贾静雯,夫妻,修杰楷
699,贾静雯,好友,欧弟
699,贾静雯,绯闻,黄磊
699,贾静雯,姐弟,贾鹏礼
700,王岳伦,夫妻,李湘
700,王岳伦,搭档,江映蓉
701,孙楠,好友,巫启贤
701,孙楠,好友,那英
701,孙楠,好友,韩红
701,孙楠,好友,罗中旭
701,孙楠,好友,毛宁
701,孙楠,好友,景岗山
701,孙楠,好友,满文军
701,孙楠,夫妻,潘蔚
702,郭富城,绯闻,舒淇
702,郭富城,好友,余文乐
702,郭富城,绯闻,朱茵(上海)
702,郭富城,好友,邱淑贞
702,郭富城,好友,章子怡
702,郭富城,夫妻,方媛
702,郭富城,绯闻,藤原纪香
702,郭富城,绯闻,钟丽缇
702,郭富城,密友,张智霖
702,郭富城,好友,杨采妮
702,郭富城,情侣,熊黛林
703,景甜,同学,阚清子
703,景甜,同学,柴碧云
704,李欣汝,好友,毛俊杰
704,李欣汝,好友,刘晓虎
705,三浦友和,夫妻,山口百惠
706,林申,母子,李小婉
707,茹萍,夫妻,刘之冰
708,陈伟霆,旧爱,蔡卓妍
708,陈伟霆,拍档,张致恒
709,刘诗诗,好友,韩栋
709,刘诗诗,好友,林更新
709,刘诗诗,好友,蒋劲夫
709,刘诗诗,好友,陈翔
709,刘诗诗,密友,杨幂
709,刘诗诗,夫妻,吴奇隆
710,华汉,情侣,胡冰卿
711,金志文,师徒,杨坤
712,钟镇涛,好友,梁朝伟
712,钟镇涛,拍档,谭咏麟
712,钟镇涛,前任夫妻,章小蕙
712,钟镇涛,旧爱,恬妞
713,戴庚玲,情侣,麦浚龙
714,陈美诗,情侣,孙耀威
715,李湘,好友,张靓颖
715,李湘,好友,李维嘉
715,李湘,好友,江铠同
715,李湘,好友,何炅
715,李湘,夫妻,王岳伦
716,李云迪,绯闻,王力宏
717,付辛博,好友,罗志祥
717,付辛博,好友,唐禹哲
717,付辛博,好友,朱丹
717,付辛博,好友,尚雯婕
717,付辛博,好友,周笔畅
717,付辛博,好友,乔任梁
717,付辛博,好友,井柏然
718,林韦辰,旧爱,吕晶晶
719,岳华,绯闻,郑佩佩
720,张楚,好友,何勇
721,叶童,拍档,尚于博
722,林宥嘉,恋人,丁文琪
722,林宥嘉,旧爱,邓紫棋
723,宋新妮,绯闻,吴宗宪
724,恭硕良,情侣,林忆莲
725,刘品言,绯闻,阮经天
725,刘品言,搭档,彭于晏
726,汤盈盈,好友,胡杏儿
726,汤盈盈,好友,林峰
726,汤盈盈,好友,佘诗曼
726,汤盈盈,好友,吴卓羲
726,汤盈盈,好友,陈法拉
726,汤盈盈,夫妻,钱嘉乐
726,汤盈盈,好友,胡定欣
726,汤盈盈,好友,李思捷
726,汤盈盈,好友,苑琼丹
726,汤盈盈,好友,李诗韵
726,汤盈盈,好友,钟丽淇
726,汤盈盈,好友,高梓淇
727,申彗星,绯闻,李孝利
727,申彗星,拍档,朴忠载
728,韩寒,好友,韩雪
728,韩寒,绯闻,徐静蕾
729,陈自瑶,绯闻,方力申
729,陈自瑶,绯闻,蔡淇俊
729,陈自瑶,绯闻,司徒瑞祈
730,张静初,绯闻,顾长卫
731,徐淑敏,绯闻,崔建邦
731,徐淑敏,绯闻,陈山聪
732,陆元琪,夫妻,袁惟仁
733,黄绮珊,好友,汪峰
734,张翰,好友,吴昕
734,张翰,情侣,古力娜扎
734,张翰,好友,江铠同
734,张翰,好友,杨幂
734,张翰,旧爱,郑爽
735,谭耀文,师徒,梅艳芳
735,谭耀文,旧爱,陈芷菁
736,袁咏仪,夫妻,张智霖
736,袁咏仪,好友,孙兴
736,袁咏仪,好友,苑琼丹
737,米雪,绯闻,成龙
738,巫启贤,好友,齐秦
738,巫启贤,好友,孙楠
739,洪小玲,好友,林心如
740,张一鸾,拍档,黄小蕾
740,张一鸾,拍档,翟天临
741,卓义峰,师徒,那英
742,司徒瑞祈,好友,方力申
742,司徒瑞祈,绯闻,陈自瑶
743,科勒・卡戴珊,姐妹,金・卡戴珊
744,李维嘉,好友,吴昕
744,李维嘉,好友,谢娜
744,李维嘉,好友,杜海涛
744,李维嘉,好友,李湘
744,李维嘉,好友,何炅
745,白静,同学,文章
745,白静,同学,白百何
745,白静,同学,毛俊杰
745,白静,同学,唐嫣
746,李东健,好友,金宣儿
746,李东健,好友,赵显宰
746,李东健,好友,金民钟
746,李东健,好友,柳时元
746,李东健,旧爱,韩智慧
747,吴绮莉,旧爱,成龙
747,吴绮莉,旧爱,吕颂贤
747,吴绮莉,密友,叶玉卿
747,吴绮莉,密友,张可颐
747,吴绮莉,绯闻,邓梓峰
747,吴绮莉,绯闻,赵文卓
748,柯震东,情侣,萧亚轩
749,杨千,旧爱,陈奕迅
749,杨千,绯闻,古天乐
749,杨千,旧爱,郑中基
749,杨千,夫妻,丁子高
749,杨千,好友,关心妍
750,应采儿,夫妻,陈小春
750,应采儿,旧爱,孙耀威
750,应采儿,拍档,韩雯雯
750,应采儿,绯闻,黄晓明
751,刘宪华,拍档,崔始源
751,刘宪华,拍档,李东海
751,刘宪华,拍档,韩庚
751,刘宪华,拍档,周觅
751,刘宪华,拍档,圭贤
752,袁娅维,师徒,刘欢
753,佟丽娅,好友,杨幂
754,曹卫宇,同学,王学兵
754,曹卫宇,同学,李亚鹏
754,曹卫宇,同学,陈建斌
755,廉晶雅,旧爱,张东健
755,廉晶雅,好友,池珍熙
756,宋宁,旧爱,周迅
756,宋宁,夫妻,齐溪
757,范植伟,绯闻,许茹芸
757,范植伟,绯闻,杨雅筑
757,范植伟,旧爱,王心凌
758,邢佳栋,同学,左小青
758,邢佳栋,同学,余男
759,曹郁,夫妻,姚晨
760,张熙恩,绯闻,言承旭
761,吴千语,师徒,毛舜筠
761,吴千语,情侣,林峰
762,渡边杏,父女,渡边谦
763,麦浚龙,旧爱,钟欣潼
763,麦浚龙,情侣,戴庚玲
764,朱亚文,同学,刘亦菲
764,朱亚文,夫妻,沈佳妮
765,于和伟,夫妻,宋林静
766,黄立行,旧爱,杨乃文
766,黄立行,绯闻,徐静蕾
767,裴勇俊,绯闻,崔智友
768,高娅媛,好友,师洋
769,蓝正龙,旧爱,徐熙媛
770,朴忠载,旧爱,郑丽媛
770,朴忠载,旧爱,金孝珍
770,朴忠载,拍档,申彗星
771,宁才,夫妻,娜仁花
772,叶璇,旧爱,张默
772,叶璇,绯闻,林峰
772,叶璇,旧爱,陈浩民
772,叶璇,绯闻,霍建华
772,叶璇,绯闻,田亮
773,戴娇倩,绯闻,吴奇隆
773,戴娇倩,好友,杜淳
774,罗家英,夫妻,汪明荃
775,张丰毅,好友,刘威
775,张丰毅,同学,沈丹萍
775,张丰毅,拍档,张博
775,张丰毅,前任夫妻,吕丽萍
776,金民钟,绯闻,宋慧乔
776,金民钟,好友,李东健
777,郑伊健,情侣,蒙嘉慧
777,郑伊健,好友,林嘉欣
777,郑伊健,好友,刘伟强
777,郑伊健,旧爱,梁咏琪
777,郑伊健,好友,陈小春
777,郑伊健,绯闻,钟嘉欣
777,郑伊健,旧爱,邵美琪
777,郑伊健,绯闻,杨恭如
777,郑伊健,旧爱,黎芷珊
777,郑伊健,师徒,罗文
777,郑伊健,绯闻,张柏芝
777,郑伊健,同门,关淑怡
778,蒋勤勤,夫妻,陈建斌
779,瑛太,绯闻,长泽雅美
779,瑛太,绯闻,绫濑遥
779,瑛太,好友,真木阳子
780,周韵,夫妻,姜文
781,胡瓜,干父女,香蜜拉
782,郭可盈,绯闻,李克勤
782,郭可盈,好友,陈慧珊
782,郭可盈,好友,蔡少芬
782,郭可盈,好友,伍咏薇
782,郭可盈,夫妻,林文龙
782,郭可盈,姐弟,郭可颂
783,徐海星,师徒,刘欢
784,周家怡,好友,佘诗曼
785,藤原纪香,绯闻,郭富城
786,韩智慧,旧爱,李东健
786,韩智慧,好友,李多海
786,韩智慧,绯闻,宋承宪
787,杨秀惠,绯闻,孙耀威
788,陈美心,师徒,赵本山
789,刘仁娜,情侣,池贤宇
790,迟帅,绯闻,姚笛
791,张天爱,旧爱,李子峰
792,赵文u,拍档,韩雯雯
793,中村狮童,旧爱,黑木明纱
793,中村狮童,前任夫妻,竹内结子
794,张天霖,好友,姚元浩
795,白百何,夫妻,陈羽凡
795,白百何,同学,杨烁
795,白百何,同学,唐嫣
795,白百何,同学,文章
795,白百何,同学,孙坚
795,白百何,同学,周觅
795,白百何,同学,白静
795,白百何,同学,郭珍霓
795,白百何,同学,张博
795,白百何,同学,童瑶
795,白百何,同学,秦丽
795,白百何,同学,郭家铭
795,白百何,同学,霍政谚
795,白百何,同学,毛俊杰
795,白百何,同学,沈佳妮
795,白百何,同学,曹曦文
795,白百何,同学,赵冉
795,白百何,同学,邹廷威
795,白百何,同学,田野
795,白百何,同学,徐百卉
795,白百何,同学,陈思斯
796,布拉德・皮特,前任,安吉丽娜・朱莉
797,余声,绯闻,何润东
798,印小天,同学,陶虹
798,印小天,同学,段奕宏
798,印小天,同学,高虎
798,印小天,绯闻,曹颖
798,印小天,同学,龚蓓
798,印小天,同学,涂松岩
799,孙燕姿,好友,蔡依林
799,孙燕姿,好友,蔡健雅
800,钱泳辰,情侣,吕一
801,徐静蕾,绯闻,韩寒
801,徐静蕾,好友,宋佳
801,徐静蕾,同学,刘孜
801,徐静蕾,绯闻,黄立行
801,徐静蕾,旧爱,黄觉
802,唐艺昕,情侣,张若昀
803,古力娜扎,好友,蒋劲夫
803,古力娜扎,情侣,张翰
804,陈炜,同学,巩俐
804,陈炜,同学,史可
805,胡军,同学,韩青
805,胡军,绯闻,刘嘉玲
805,胡军,同学,徐帆
805,胡军,同学,陈小艺
805,胡军,同学,江珊
805,胡军,同学,何冰
806,孙周,兄弟,孙淳
806,孙周,绯闻,巩俐
807,黑木明纱,夫妻,赤西仁
807,黑木明纱,旧爱,中村狮童
808,孙宁,同学,陈思诚
808,孙宁,同学,李光洁
809,邹市明,夫妻,冉莹颖
810,高虎,同学,段奕宏
810,高虎,同学,陶虹
810,高虎,同学,印小天
810,高虎,同学,龚蓓
810,高虎,同学,涂松岩
811,师洋,好友,高娅媛
812,王仁甫,夫妻,季芹
813,凯特・温斯莱特,好友,莱昂纳多・迪卡普里奥
814,李双江,师徒,黄琦雯
815,李阵郁,旧爱,崔智友
816,许晴,旧爱,王志文
816,许晴,绯闻,尤勇智
816,许晴,同学,蒋雯丽
816,许晴,绯闻,陈凯歌
816,许晴,同学,邵峰
817,程莉莎,夫妻,郭晓东
818,莫文蔚,旧爱,周星驰
818,莫文蔚,旧爱,冯德伦
819,rain,绯闻,宋慧乔
819,rain,绯闻,全智贤
819,rain,绯闻,李孝利
820,邓丽君,旧爱,成龙
821,裘德・洛,绯闻,林赛・罗韩
822,苏志燮,旧爱,金贤珠
822,苏志燮,好友,朴容夏
822,苏志燮,好友,宋承宪
823,扬明,旧爱,陈敏之
823,扬明,绯闻,佘诗曼
824,吴彦祖,绯闻,林熙蕾
824,吴彦祖,好友,冯德伦
824,吴彦祖,好友,尹子维
824,吴彦祖,好友,连凯
824,吴彦祖,旧爱,李美琪
825,陈文媛,绯闻,何韵诗
826,苏妙玲,好友,付梦妮
827,杨丞琳,旧爱,黄鸿升
827,杨丞琳,绯闻,邱胜翊
827,杨丞琳,绯闻,邱泽
827,杨丞琳,绯闻,罗志祥
827,杨丞琳,好友,梁洛施
827,杨丞琳,绯闻,余文乐
827,杨丞琳,好友,潘玮柏
827,杨丞琳,好友,郭采洁
827,杨丞琳,绯闻,炎亚纶
827,杨丞琳,绯闻,贺军翔
827,杨丞琳,好友,吴尊
828,高梓淇,好友,汤盈盈
828,高梓淇,好友,赵丽颖
828,高梓淇,好友,李晟
828,高梓淇,好友,张嘉倪
828,高梓淇,好友,张睿
828,高梓淇,好友,海陆
828,高梓淇,好友,李佳航
829,王柏杰,旧爱,柯佳
830,权志龙,旧爱,水原希子
831,赵冉,同学,白百何
832,张艺谋,同学,顾长卫
832,张艺谋,旧爱,巩俐
833,范明,拍档,夏凡
834,海清,好友,孙红雷
834,海清,好友,黄磊
834,海清,同学,黄海波
834,海清,同学,李解
835,范冰冰,拍档,张东健
835,范冰冰,绯闻,潘粤明
835,范冰冰,旧爱,王学兵
835,范冰冰,绯闻,黄觉
835,范冰冰,绯闻,洪金宝
835,范冰冰,绯闻,王学圻
835,范冰冰,拍档,李冰冰
836,赵本山,师徒,陈美心
836,赵本山,师徒,黄圣依
836,赵本山,师徒,王小利
836,赵本山,拍档,宋丹丹
836,赵本山,师徒,宋小宝
836,赵本山,拍档,范伟
836,赵本山,拍档,张洪杰
836,赵本山,干父女,张柏芝
836,赵本山,父女,赵一涵
837,文熙俊,拍档,张佑赫
837,文熙俊,拍档,李在元
837,文熙俊,拍档,安七炫
837,文熙俊,好友,安胜浩
838,尚于博,拍档,叶童
838,尚于博,拍档,王珞丹
838,尚于博,拍档,李光洁
838,尚于博,拍档,孙淳
838,尚于博,拍档,何赛飞
838,尚于博,拍档,涂黎曼
839,安胜浩,拍档,张佑赫
839,安胜浩,好友,文熙俊
839,安胜浩,拍档,李在元
839,安胜浩,拍档,安七炫
840,何琳,同学,张恒
840,何琳,同学,许还幻
840,何琳,同学,赵薇
840,何琳,同学,陈坤
840,何琳,同学,孔维
840,何琳,同学,颜丹晨
840,何琳,同学,祖峰
841,涂松岩,同学,陶虹
841,涂松岩,同学,段奕宏
841,涂松岩,同学,印小天
841,涂松岩,同学,高虎
841,涂松岩,同学,龚蓓
842,何勇,好友,张炬
842,何勇,好友,张楚
843,李东海,拍档,崔始源
843,李东海,拍档,圭贤
843,李东海,拍档,韩庚
843,李东海,拍档,周觅
843,李东海,拍档,刘宪华
843,李东海,组员,super junior
844,谢金燕,父女,谢金燕
844,谢金燕,父女,猪哥亮
845,叶祖新,好友,韩栋
846,林丹,夫妻,谢杏芳
847,曹颖,夫妻,王斑
847,曹颖,绯闻,印小天
848,陈若仪,夫妻,林志颖
849,黄少祺,绯闻,胡杏儿
850,葛子铭,父,葛优
851,陆剑民,同学,王志文
851,陆剑民,同学,胡亚捷
852,金来沅,绯闻,郑丽媛
852,金来沅,旧爱,金孝珍
853,曾国祥,父子,曾志伟
853,曾国祥,姐弟,曾宝仪
854,梁嘉琪,绯闻,陈键锋
855,陈法拉,绯闻,黄宗泽
855,陈法拉,好友,汤盈盈
856,周汶,旧爱,杜德伟
856,周汶,姐妹,周丽淇
857,修杰楷,夫妻,贾静雯
858,潘宏彬,绯闻,刘德华
859,郑多彬（童星）,搭档,宋承宪
860,江一燕,绯闻,邓超
861,马浚伟,绯闻,郭羡妮
862,狄波拉,母女,谢婷婷
862,狄波拉,前任夫妻,谢贤
862,狄波拉,母子,谢霆锋
863,何冰,同学,胡军
863,何冰,同学,徐帆
863,何冰,同学,王斑
863,何冰,同学,陈小艺
864,翁美玲,好友,黄日华
864,翁美玲,旧爱,汤镇业
864,翁美玲,绯闻,苗侨伟
865,蒲冰墨,拍档,高云翔
865,蒲冰墨,拍档,沈佳妮
865,蒲冰墨,拍档,孙俪
865,蒲冰墨,拍档,谢娜
865,蒲冰墨,拍档,陈坤
866,炎亚纶,绯闻,杨丞琳
866,炎亚纶,拍档,汪东城
866,炎亚纶,好友,吴尊
866,炎亚纶,拍档,辰亦儒
867,李克勤,拍档,谭咏麟
867,李克勤,好友,梁荣忠
867,李克勤,好友,刘德华
867,李克勤,绯闻,郭可盈
868,黎明,绯闻,金喜善
868,黎明,旧爱,舒淇
868,黎明,好友,杜汶泽
868,黎明,绯闻,徐子珊
868,黎明,绯闻,杨采妮
868,黎明,绯闻,周海媚
868,黎明,绯闻,张曼玉
868,黎明,绯闻,王菲
869,彭冠英,拍档,杜志国
870,安在旭,旧爱,宋允儿
870,安在旭,好友,张真英
871,许亚军,前任夫妻,何晴
872,刘亦菲,绯闻,郎朗
872,刘亦菲,同学,朱亚文
872,刘亦菲,密友,杨幂
873,戴云霞,好友,苑冉
874,小栗旬,夫妻,山田优
875,隋棠,情侣,姚元浩
876,郭凯敏,同学,寇振海
877,许玮甯,情侣,阮经天
878,甄子丹,前任夫妻,万绮雯
878,甄子丹,夫妻,汪诗诗
878,甄子丹,好友,熊黛林
879,权振东,师徒,刘欢
879,权振东,好友,陈彦屹
880,江淑娜,姐妹,江蕙
881,莫小棋,旧爱,黄海波
882,焦俊艳,拍档,陈宝国
882,焦俊艳,拍档,孙淳
882,焦俊艳,拍档,陈小艺
882,焦俊艳,拍档,陈坤
883,金荷娜,绯闻,金载沅
883,金荷娜,绯闻,高修
884,张娜拉,兄妹,张成源
885,陈键锋,好友,吴卓羲
885,陈键锋,绯闻,梁嘉琪
885,陈键锋,好友,胡杏儿
886,水原希子,旧爱,权志龙
887,宋承宪,好友,苏志燮
887,宋承宪,绯闻,孙艺珍
887,宋承宪,旧爱,崔智友
887,宋承宪,绯闻,韩智慧
887,宋承宪,搭档,郑多彬（童星）
887,宋承宪,绯闻,宋慧乔
887,宋承宪,旧爱,成宥利
887,宋承宪,好友,朴容夏
888,温岚,绯闻,周杰伦
889,周迅,好友,刘若英
889,周迅,绯闻,黄觉
889,周迅,绯闻,冯绍峰
889,周迅,旧爱,李亚鹏
889,周迅,好友,范晓萱
889,周迅,旧爱,朴树
889,周迅,旧爱,宋宁
889,周迅,好友,陈坤
890,深田恭子,绯闻,玉木宏
890,深田恭子,绯闻,堂本光一
891,涂黎曼,拍档,尚于博
892,苏有朋,绯闻,林心如
892,苏有朋,拍档,陈志朋
892,苏有朋,拍档,吴奇隆
892,苏有朋,好友,贾静雯
892,苏有朋,绯闻,赵薇
893,金喜善,绯闻,张东健
893,金喜善,绯闻,高修
893,金喜善,绯闻,申贤俊
893,金喜善,绯闻,黎明
894,刘小锋,同学,刘晓虎
894,刘小锋,同学,李冰冰
894,刘小锋,同学,任泉
895,戎祥,夫妻,赖芊合
896,林心如,绯闻,霍建华
896,林心如,好友,赵薇
896,林心如,绯闻,苏有朋
896,林心如,好友,姚元浩
896,林心如,绯闻,张卫健
896,林心如,好友,洪小玲
896,林心如,好友,刘涛
896,林心如,拍档,张博
897,朱茵(上海),旧爱,周星驰
897,朱茵(上海),夫妻,黄贯中
897,朱茵(上海),密友,蔡少芬
897,朱茵(上海),绯闻,郭富城
898,黄觉,旧爱,徐静蕾
898,黄觉,绯闻,范冰冰
898,黄觉,绯闻,周迅
899,戴军,好友,沈傲君
899,戴军,绯闻,何炅
900,景岗山,好友,孙楠
900,景岗山,好友,罗中旭
901,丁子峻,拍档,翟天临
902,何洁,好友,李宇春
902,何洁,情侣,赫子铭
902,何洁,旧爱,释小龙
902,何洁,好友,黄雅莉
902,何洁,好友,陈西贝
903,郭珍霓,同学,白百何
904,绫濑遥,绯闻,山田孝之
904,绫濑遥,绯闻,瑛太
905,许还幻,好友,赵薇
905,许还幻,同学,黄晓明
905,许还幻,同学,陈坤
905,许还幻,同学,孔维
905,许还幻,同学,何琳
905,许还幻,同学,张恒
905,许还幻,同学,颜丹晨
905,许还幻,同学,祖峰
906,路嘉欣,旧爱,张震
906,路嘉欣,姐妹,路嘉怡
907,赵子琪,好友,陈坤
908,莉顿・梅斯特,情侣,塞巴斯蒂安・斯坦
909,孙骁骁,绯闻,苏醒
909,孙骁骁,绯闻,李响
910,惠天赐,兄妹,惠英红
911,马剑琴,姐妹,马剑棋
912,丁丁,师徒,杨坤
913,许慧欣,绯闻,郭品超
914,关,师徒,杨坤
915,洪欣,密友,蒙嘉慧
915,洪欣,密友,陈法蓉
915,洪欣,密友,蔡少芬
915,洪欣,旧爱,莫少聪
915,洪欣,夫妻,张丹峰
916,姚晨,好友,沙溢
916,姚晨,同学,叶静
916,姚晨,同学,杜淳
916,姚晨,夫妻,曹郁
916,姚晨,好友,聂鑫
916,姚晨,同学,杨志刚
916,姚晨,同学,于波
917,王劲松,拍档,张嘉译
918,张东健,绯闻,金喜善
918,张东健,夫妻,高小英
918,张东健,绯闻,沈银河
918,张东健,好友,玄彬
918,张东健,好友,车仁表
918,张东健,拍档,小田切让
918,张东健,好友,郑俊浩
918,张东健,旧爱,廉晶雅
918,张东健,拍档,范冰冰
919,吕颂贤,旧爱,吴绮莉
919,吕颂贤,旧爱,万绮雯
920,江珊,同学,胡军
920,江珊,同学,徐帆
920,江珊,同学,王斑
920,江珊,绯闻,张博
920,江珊,同学,陈小艺
920,江珊,绯闻,黄征
920,江珊,前任夫妻,高曙光
921,陈锦鸿,绯闻,陈法蓉
922,陶虹,夫妻,徐峥
922,陶虹,同学,段奕宏
922,陶虹,同学,高虎
922,陶虹,同学,龚蓓
922,陶虹,同学,印小天
922,陶虹,同学,涂松岩
923,李多海,好友,朴诗妍
923,李多海,好友,韩智慧
923,李多海,好友,李准基
924,坂本昌行,拍档,井之原快彦
925,张赫宣,师徒,那英
926,梁朝伟,夫妻,刘嘉玲
926,梁朝伟,好友,周星驰
926,梁朝伟,绯闻,张曼玉
926,梁朝伟,好友,张国荣
926,梁朝伟,绯闻,蓝洁瑛
926,梁朝伟,好友,张学友
926,梁朝伟,好友,钟镇涛
926,梁朝伟,旧爱,曾华倩
926,梁朝伟,好友,王菲
927,利智,夫妻,李连杰
928,薛凯琪,绯闻,方大同
929,罗大佑,拍档,张震岳
930,宁静,绯闻,姜文
931,郭敬明,好友,韩红
932,秦海璐,同学,胡静
932,秦海璐,情侣,王新军
932,秦海璐,同学,曾黎
932,秦海璐,好友,刘涛
932,秦海璐,同学,刘烨
932,秦海璐,同学,秦昊
932,秦海璐,同学,牛青峰
932,秦海璐,同学,章子怡
933,姜东元,好友,赵寅成
933,姜东元,好友,孔侑
934,富大龙,旧爱,曾黎
934,富大龙,情侣,饶敏莉
935,田馥甄,绯闻,周杰伦
936,惠英红,绯闻,刘家良
936,惠英红,兄妹,惠天赐
937,谢贤,父女,谢婷婷
937,谢贤,前任夫妻,狄波拉
937,谢贤,父子,谢霆锋
938,王若心,同学,林更新
939,尚雯婕,好友,付辛博
940,王笛,拍档,萧蔷
940,王笛,拍档,王志文
940,王笛,拍档,陈道明
940,王笛,拍档,周一围
940,王笛,拍档,贾青
940,王笛,拍档,柯蓝
940,王笛,拍档,牛萌萌
941,张国荣,好友,钟楚红
941,张国荣,好友,梁家辉
941,张国荣,好友,王菲
941,张国荣,前任,毛舜筠
941,张国荣,好友,刘嘉玲
941,张国荣,好友,梁朝伟
941,张国荣,好友,林青霞
941,张国荣,好友,张曼玉
941,张国荣,好友,周润发
941,张国荣,好友,张学友
941,张国荣,密友,梅艳芳
941,张国荣,旧爱,倪诗蓓
942,肖齐,干父子,张纪中
943,谢丹,师徒,庾澄庆
944,万绮雯,旧爱,吕颂贤
944,万绮雯,前任夫妻,甄子丹
944,万绮雯,绯闻,林志豪
945,蒋劲夫,好友,胡歌
945,蒋劲夫,好友,林更新
945,蒋劲夫,好友,古力娜扎
945,蒋劲夫,好友,刘诗诗
945,蒋劲夫,好友,唐嫣
946,李行亮,师徒,刘欢
947,妮可・基德曼,前任夫妻,汤姆・克鲁斯
948,汪诗诗,夫妻,甄子丹
949,马天宇,好友,韩栋
949,马天宇,好友,林更新
949,马天宇,好友,李易峰
950,光良,绯闻,江美琪
950,光良,好友,陈珊妮
951,高小英,夫妻,张东健
952,高x淳子,母子,高x裕太
953,罗海琼,同学,陆毅
953,罗海琼,同学,鲍蕾
953,罗海琼,同学,薛佳凝
953,罗海琼,同学,赵阳
953,罗海琼,同学,田海蓉
954,堂本刚,好友,井之原快彦
955,圭贤,拍档,崔始源
955,圭贤,拍档,韩庚
955,圭贤,拍档,周觅
955,圭贤,拍档,刘宪华
955,圭贤,拍档,李东海
955,圭贤,组员,super junior
956,张晋,夫妻,蔡少芬
957,李丽珍,好友,黄家驹
958,高晓松,拍档,伊能静
958,高晓松,旧爱,阿朵
959,施祖男,绯闻,邵美琪
960,许志安,夫妻,郑秀文
960,许志安,师徒,梅艳芳
960,许志安,好友,张卫健
960,许志安,绯闻,韩红
960,许志安,好友,梁汉文
961,陈芷菁,旧爱,谭耀文
962,菅野美穗,旧爱,柏原崇
963,胡定欣,好友,胡杏儿
963,胡定欣,绯闻,吴卓羲
963,胡定欣,绯闻,马国明
963,胡定欣,绯闻,马德钟
963,胡定欣,旧爱,吴浩康
963,胡定欣,好友,汤盈盈
963,胡定欣,好友,唐宁
964,邹宏宇,师徒,杨坤
965,郑少秋,绯闻,赵雅芝
965,郑少秋,搭档,计春华
965,郑少秋,父女,郑欣宜
966,张雨绮,绯闻,冯德伦
966,张雨绮,旧爱,汪小菲
966,张雨绮,搭档,徐娇
966,张雨绮,师徒,周星驰
966,张雨绮,夫妻,王全安
967,梅婷,同学,胡静
967,梅婷,同学,刘烨
967,梅婷,同学,秦昊
967,梅婷,同学,牛青峰
967,梅婷,同学,曾黎
967,梅婷,同学,章子怡
968,贾鹏礼,夫妻,朱芯仪
968,贾鹏礼,姐弟,贾静雯
969,吴亚馨,绯闻,朱孝天
970,吕丽萍,夫妻,孙海英
970,吕丽萍,前任夫妻,张丰毅
970,吕丽萍,同学,姜文
971,汤镇业,绯闻,倪诗蓓
971,汤镇业,旧爱,翁美玲
972,朱丽倩,夫妻,刘德华
973,张智霖,密友,郭富城
973,张智霖,绯闻,佘诗曼
973,张智霖,夫妻,袁咏仪
973,张智霖,好友,邱淑贞
973,张智霖,拍档,孟茜
973,张智霖,好友,付梦妮
974,赵文卓,旧爱,梅艳芳
974,赵文卓,绯闻,吴绮莉
974,赵文卓,好友,贾静雯
974,赵文卓,夫妻,张丹露
975,董璇,夫妻,高云翔
975,董璇,拍档,李媛
976,巩俐,旧爱,张艺谋
976,巩俐,绯闻,孙红雷
976,巩俐,同学,史可
976,巩俐,绯闻,孙周
976,巩俐,同学,陈炜
977,郭晶晶,夫妻,霍启刚
977,郭晶晶,旧爱,田亮
978,金希澈,拍档,崔始源
978,金希澈,拍档,韩庚
978,金希澈,组员,super junior
979,张洪杰,拍档,宋丹丹
979,张洪杰,拍档,左小青
979,张洪杰,拍档,赵本山
979,张洪杰,拍档,董洁
980,刘嘉玲,好友,张国荣
980,刘嘉玲,绯闻,胡军
980,刘嘉玲,密友,王菲
980,刘嘉玲,好友,谢霆锋
980,刘嘉玲,夫妻,梁朝伟
980,刘嘉玲,好友,林青霞
980,刘嘉玲,好友,张曼玉
981,郭晓东,夫妻,程莉莎
982,关颖,绯闻,言承旭
982,关颖,旧爱,黄志玮
983,曾宝仪,父女,曾志伟
983,曾宝仪,旧爱,黄子佼
983,曾宝仪,姐弟,曾国祥
983,曾宝仪,拍档,黄渤
984,郑裕玲,绯闻,成龙
984,郑裕玲,绯闻,周润发
984,郑裕玲,旧爱,吕方
985,陈宝国,父子,陈月末
985,陈宝国,拍档,焦俊艳
985,陈宝国,拍档,李勤勤
986,白冰,绯闻,王龙华
987,伍佳丽,师徒,杨坤
988,张国立,夫妻,邓婕
988,张国立,父子,张默
988,张国立,师徒,韩雨芹
989,孙兴,好友,袁咏仪
989,孙兴,前任夫妻,林美贞
990,孙俪,夫妻,邓超
990,孙俪,旧爱,钱枫
990,孙俪,拍档,蒲冰墨
990,孙俪,拍档,李勤勤
991,文咏珊,绯闻,陈冠希
992,李晟,绯闻,张睿
992,李晟,好友,海陆
992,李晟,好友,高梓淇
992,李晟,夫妻,李佳航
993,李光洁,绯闻,王珞丹
993,李光洁,同学,陈思诚
993,李光洁,前任夫妻,郝蕾
993,李光洁,同学,孙宁
993,李光洁,拍档,尚于博
994,张可颐,密友,吴绮莉
995,包小柏,兄弟,包伟铭
996,柏原崇,旧爱,菅野美穗
997,林嘉欣,好友,郑伊健
998,俞思远,好友,李晨
999,饶敏莉,情侣,富大龙
1000,刘家荣,兄弟,刘家良
1000,刘家荣,干兄弟,刘家辉
1001,任时完,组合,黄光熙
1002,列维・施瑞博尔,前任,娜奥米・沃茨
1003,徐子珊,绯闻,黎明
1003,徐子珊,绯闻,吴卓羲
1003,徐子珊,绯闻,马国明
1004,艾德・维斯特维克,情侣,杰西卡・斯佐尔
1005,全度妍,好友,张真英
1006,车太贤,好友,宋允儿
1007,沈昌珉,拍档,朴有天
1007,沈昌珉,拍档,金在中
1007,沈昌珉,拍档,金俊秀
1007,沈昌珉,拍档,郑允浩
1008,丁子高,夫妻,杨千
1008,丁子高,绯闻,佘诗曼
1009,赖芊合,夫妻,戎祥
1010,汪小菲,夫妻,徐熙媛
1010,汪小菲,旧爱,张雨绮
1010,汪小菲,绯闻,吕婉柔
1010,汪小菲,绯闻,章子怡
1011,陈英雪,绯闻,古巨基
1012,袁泉,同学,胡静
1012,袁泉,夫妻,夏雨
1012,袁泉,同学,曾黎
1012,袁泉,同学,刘烨
1012,袁泉,同学,秦昊
1012,袁泉,同学,牛青峰
1012,袁泉,同学,章子怡
1013,朴容夏,好友,宋承宪
1013,朴容夏,好友,朴诗妍
1013,朴容夏,好友,柳时元
1013,朴容夏,好友,金贤珠
1013,朴容夏,好友,宋允儿
1013,朴容夏,好友,苏志燮
1014,冈田准一,拍档,井之原快彦
1015,三宅健,拍档,井之原快彦
1016,陈绮贞,好友,蔡健雅
1017,连奕名,夫妻,杨若兮
1018,黄志玮,旧爱,关颖
1019,佩内洛普・克鲁兹,旧爱,汤姆・克鲁斯
1020,舒淇,绯闻,余文乐
1020,舒淇,密友,林熙蕾
1020,舒淇,绯闻,彭于晏
1020,舒淇,绯闻,王力宏
1020,舒淇,绯闻,周星驰
1020,舒淇,绯闻,郭富城
1020,舒淇,旧爱,黎明
1020,舒淇,绯闻,冯德伦
1020,舒淇,绯闻,张震
1020,舒淇,同学,天心
1020,舒淇,好友,聂鑫
1020,舒淇,拍档,冯丹滢
1021,李思捷,好友,汤盈盈
1022,杜琪峰,拍档,翟天临
1023,李维真,师徒,庾澄庆
1024,梁博,师徒,那英
1025,郑钧,好友,王菲
1026,奥兰多・布鲁姆,准夫妻,米兰达・可儿
1027,濑户朝香,夫妻,井之原快彦
1028,车婉婉,旧爱,陈小春
1029,任泉,同学,廖凡
1029,任泉,同学,刘小锋
1029,任泉,同学,刘晓虎
1029,任泉,情侣,黄琦雯
1029,任泉,好友,江铠同
1029,任泉,好友,沈傲君
1030,王韵壹,师徒,庾澄庆
1031,廖凡,同学,任泉
1031,廖凡,拍档,徐成峰
1031,廖凡,同学,刘晓虎
1031,廖凡,同学,李冰冰
1032,张庭,夫妻,林瑞阳
1033,范晓萱,密友,范玮琪
1033,范晓萱,密友,侯佩岑
1033,范晓萱,密友,吴佩慈
1033,范晓萱,密友,徐熙媛
1033,范晓萱,好友,周迅
1034,崔建邦,好友,曾志伟
1034,崔建邦,旧爱,唐诗咏
1034,崔建邦,绯闻,徐淑敏
1035,帕丽斯・希尔顿,密友,林赛・罗韩
1036,徐怀钰,绯闻,林志颖
1036,徐怀钰,绯闻,罗志祥
1036,徐怀钰,旧爱,张孝全
1037,姚芊羽,绯闻,黄海波
1038,潘阳,父女,潘长江
1039,詹妮弗・洛佩兹,旧爱,本・阿弗莱克
1040,叶一茜,夫妻,田亮
1041,夏凡,拍档,郭德纲
1041,夏凡,拍档,王珞丹
1041,夏凡,拍档,王志文
1041,夏凡,拍档,范明
1041,夏凡,拍档,陈道明
1041,夏凡,拍档,柯蓝
1042,安吉丽娜・朱莉,前任,布拉德・皮特
1043,郑允浩,拍档,朴有天
1043,郑允浩,拍档,金在中
1043,郑允浩,拍档,沈昌珉
1043,郑允浩,拍档,金俊秀
1044,刘青云,好友,吴镇宇
1044,刘青云,夫妻,郭蔼明
1045,陈珊妮,好友,许茹芸
1045,陈珊妮,好友,光良
1045,陈珊妮,好友,杨乃文
1046,胡东,兄弟,胡兵
1047,倪萍,旧爱,陈凯歌
1048,吕一,情侣,钱泳辰
1049,于正,好友,袁姗姗
1050,秦俊杰,姐弟,李h
1051,杨乃文,旧爱,黄立行
1051,杨乃文,好友,陈珊妮
1052,王祖贤,旧爱,齐秦
1053,撒贝宁,情侣,章子怡
1054,褚乔,师徒,庾澄庆
1054,褚乔,旧爱,江映蓉
1055,成宥利,旧爱,宋承宪
1056,王珞丹,同学,黄圣依
1056,王珞丹,同学,贾乃亮
1056,王珞丹,同学,周一围
1056,王珞丹,同学,戚迹
1056,王珞丹,绯闻,李光洁
1056,王珞丹,拍档,夏凡
1056,王珞丹,拍档,尚于博
1057,长泽雅美,绯闻,瑛太
1058,林熙蕾,旧爱,朱孝天
1058,林熙蕾,旧爱,吴大维
1058,林熙蕾,密友,舒淇
1058,林熙蕾,绯闻,吴彦祖
1059,蔡健雅,好友,孙燕姿
1059,蔡健雅,好友,戴佩妮
1059,蔡健雅,好友,陈绮贞
1060,李冰冰,绯闻,朱孝天
1060,李冰冰,同学,廖凡
1060,李冰冰,同学,刘晓虎
1060,李冰冰,拍档,范冰冰
1060,李冰冰,同学,刘小锋
1061,秦昊,同学,刘烨
1061,秦昊,同学,胡静
1061,秦昊,同学,秦海璐
1061,秦昊,同学,袁泉
1061,秦昊,同学,梅婷
1061,秦昊,同学,牛青峰
1061,秦昊,同学,曾黎
1061,秦昊,同学,章子怡
1061,秦昊,夫妻,伊能静
1062,马伊P,好友,佟大为
1062,马伊P,同学,杨明娜
1062,马伊P,夫妻,文章
1062,马伊P,同学,保剑锋
1062,马伊P,好友,滕华涛
1063,赵雅芝,绯闻,郑少秋
1064,贺军翔,绯闻,杨丞琳
1064,贺军翔,绯闻,林依晨
1064,贺军翔,好友,郑元畅
1064,贺军翔,好友,阮经天
1064,贺军翔,好友,陈乔恩
1065,范逸臣,绯闻,田中千绘
1066,张默,父子,张国立
1066,张默,旧爱,叶璇
1066,张默,母子,邓婕
1066,张默,旧爱,童瑶
1067,朱孝天,拍档,周渝民
1067,朱孝天,拍档,言承旭
1067,朱孝天,拍档,吴建豪
1067,朱孝天,绯闻,吴亚馨
1067,朱孝天,旧爱,杨谨华
1067,朱孝天,旧爱,林熙蕾
1067,朱孝天,绯闻,李冰冰
1068,郑嘉颖,绯闻,黎姿
1068,郑嘉颖,旧爱,佘诗曼
1068,郑嘉颖,旧爱,周丽淇
1068,郑嘉颖,绯闻,陈敏之
1068,郑嘉颖,好友,黄嘉乐
1068,郑嘉颖,好友,韩栋
1069,祝钒刚,拍档,明道
1069,祝钒刚,拍档,黄玉荣
1069,祝钒刚,拍档,颜行书
1070,于娜,绯闻,洪天明
1071,阮经天,好友,陈乔恩
1071,阮经天,好友,彭于晏
1071,阮经天,好友,郑元畅
1071,阮经天,好友,贺军翔
1071,阮经天,绯闻,刘品言
1071,阮经天,情侣,许玮甯
1072,李安（导演）,父子,李淳
1072,李安（导演）,师徒,汤唯
1073,林海峰,舅甥,狄龙
1074,李小冉,好友,邓超
1075,陈龙,夫妻,章龄之
1076,俞灏明,好友,王栎鑫
1077,邱胜翊,绯闻,杨丞琳
1078,李小萌,情侣,王雷
1079,田壮壮,同学,陈凯歌
1080,朱媛媛,同学,史兰芽
1081,杨幂,好友,霍建华
1081,杨幂,好友,胡歌
1081,杨幂,密友,刘亦菲
1081,杨幂,好友,张翰
1081,杨幂,好友,袁弘
1081,杨幂,密友,李小璐
1081,杨幂,密友,刘诗诗
1081,杨幂,密友,霍思燕
1081,杨幂,好友,佟丽娅
1081,杨幂,绯闻,谢霆锋
1081,杨幂,情侣,刘恺威
1081,杨幂,好友,袁姗姗
1081,杨幂,绯闻,冯绍峰
1082,任达华,夫妻,琦琦
1083,杨佑宁,好友,张孝全
1084,霍政谚,同学,白百何
1085,周丽淇,姐妹,周汶
1085,周丽淇,绯闻,黄宗泽
1085,周丽淇,旧爱,郑嘉颖
1086,周冬齐,拍档,方子哥
1086,周冬齐,夫妻,林永健
1087,朴志胤,旧爱,安七炫
1088,唐嫣,同学,童瑶
1088,唐嫣,同学,沈佳妮
1088,唐嫣,同学,曹曦文
1088,唐嫣,情侣,邱泽
1088,唐嫣,恋人,罗晋
1088,唐嫣,绯闻,林峰
1088,唐嫣,同学,文章
1088,唐嫣,同学,白百何
1088,唐嫣,同学,白静
1088,唐嫣,好友,蒋劲夫
1088,唐嫣,同学,秦丽
1088,唐嫣,同学,杨烁
1089,谈莉娜,好友,刘惜君
1089,谈莉娜,好友,江映蓉
1089,谈莉娜,好友,曾轶可
1090,希斯・莱杰,旧爱,娜奥米・沃茨
1091,潘长江,父女,潘阳
1092,萧正楠,绯闻,关心妍
1093,尤勇智,绯闻,许晴
1094,赵毅,拍档,韩雯雯
1095,张丹露,夫妻,赵文卓
1096,潘之琳,好友,江铠同
1096,潘之琳,同学,曾之乔
1097,曾之乔,同学,窦骁
1097,曾之乔,同学,潘之琳
1097,曾之乔,好友,江铠同
1098,袁惟仁,夫妻,陆元琪
1099,朴树,旧爱,周迅
1099,朴树,夫妻,吴岱凝
1100,杨俊毅,好友,于波
1101,郑虹,师徒,刘欢
1102,金载沅,绯闻,金荷娜
1103,工藤静香,夫妻,木村拓哉
1104,黄圣依,绯闻,余文乐
1104,黄圣依,同学,王珞丹
1104,黄圣依,同学,周一围
1104,黄圣依,同学,戚迹
1104,黄圣依,拍档,韩雯雯
1104,黄圣依,师徒,赵本山
1104,黄圣依,同学,贾乃亮
1105,孟广美,旧爱,吴大维
1106,毛宁,好友,杨钰莹
1106,毛宁,好友,孙楠
1107,季芹,夫妻,王仁甫
1108,廖碧儿,绯闻,刘恺威
1108,廖碧儿,绯闻,黄宗泽
1109,张韶涵,绯闻,颜行书
1110,吕良伟,前任夫妻,周海媚
1111,李淳,父子,李安（导演）
1112,松岛菜菜子,好友,酒井法子
1112,松岛菜菜子,夫妻,反町隆史
1113,古天乐,绯闻,杨千
1113,古天乐,绯闻,郑秀文
1113,古天乐,绯闻,陈乔恩
1113,古天乐,绯闻,郭羡妮
1113,古天乐,密友,宣萱
1113,古天乐,绯闻,杨恭如
1113,古天乐,绯闻,徐熙媛
1113,古天乐,拍档,韩雯雯
1113,古天乐,绯闻,张柏芝
1114,郑浩南,绯闻,叶倩文
1115,潘霜霜,旧爱,林峰
1116,马艳丽,前任夫妻,郎昆
1117,潘蔚,夫妻,孙楠
1118,玄彬,好友,张东健
1118,玄彬,绯闻,郑丽媛
1118,玄彬,旧爱,黄智贤
1118,玄彬,绯闻,汤唯
1119,周觅,同学,白百何
1119,周觅,拍档,崔始源
1119,周觅,拍档,圭贤
1119,周觅,拍档,李东海
1119,周觅,拍档,韩庚
1119,周觅,拍档,刘宪华
1120,连凯,好友,吴彦祖
1120,连凯,好友,尹子维
1121,丁少华,师徒,杨坤
1122,菅韧姿,情侣,邱心志
1123,姜大卫,兄弟,秦沛
1123,姜大卫,拍档,狄龙
1123,姜大卫,师徒,张彻
1123,姜大卫,兄弟,尔冬升
1123,姜大卫,翁婿,曹永廉
1124,吴君如,好友,杜汶泽
1124,吴君如,夫妻,陈可辛
1124,吴君如,绯闻,周星驰
1124,吴君如,旧爱,杜德伟
1125,李英爱,好友,张瑞希
1125,李英爱,旧爱,车胜元
1126,郭采洁,好友,蔡依林
1126,郭采洁,好友,罗志祥
1126,郭采洁,好友,杨丞琳
1127,王龙华,绯闻,姚笛
1127,王龙华,绯闻,白冰
1128,陈彦屹,好友,权振东
1129,高修,绯闻,金喜善
1129,高修,绯闻,金荷娜
1129,高修,绯闻,河智苑
1130,钟丽淇,好友,汤盈盈
1130,钟丽淇,旧爱,梁荣忠
1131,叶德娴,干母子,刘德华
1132,王菲,好友,梁朝伟
1132,王菲,绯闻,黎明
1132,王菲,密友,那英
1132,王菲,好友,毛阿敏
1132,王菲,密友,刘嘉玲
1132,王菲,好友,陈奕迅
1132,王菲,好友,张国荣
1132,王菲,前任夫妻,窦唯
1132,王菲,好友,郑钧
1132,王菲,好友,赵欣瑜
1132,王菲,密友,赵薇
1132,王菲,夫妻,李亚鹏
1132,王菲,旧爱,谢霆锋
1133,吕晶晶,旧爱,林韦辰
1134,许玮伦,旧爱,周渝民
1135,三浦春马,绯闻,新垣结衣
1136,黄征,绯闻,江珊
1136,黄征,绯闻,厉娜
1136,黄征,绯闻,金海心
1136,黄征,好友,陈羽凡
1136,黄征,好友,胡海泉
1137,叶玉卿,密友,吴绮莉
1138,黄勇,师徒,那英
1139,任青,绯闻,汪涵
1140,孙耀威,旧爱,应采儿
1140,孙耀威,绯闻,杨秀惠
1140,孙耀威,情侣,陈美诗
1141,翁倩玉,好友,成龙
1141,翁倩玉,旧爱,秦沛
1142,那英,好友,毛阿敏
1142,那英,师徒,侯祖辛
1142,那英,师徒,卓义峰
1142,那英,好友,孙楠
1142,那英,师徒,梁博
1142,那英,师徒,张玮
1142,那英,师徒,多亮
1142,那英,师徒,赵露
1142,那英,好友,满文军
1142,那英,师徒,张赫宣
1142,那英,好友,陈琳
1142,那英,师徒,歌浴森
1142,那英,师徒,黄勇
1142,那英,师徒,黄鹤
1142,那英,师徒,汪妤凌
1142,那英,师徒,王琪玮
1142,那英,密友,王菲
1142,那英,好友,李亚鹏
1143,陈慧珊,绯闻,马德钟
1143,陈慧珊,绯闻,林保怡
1143,陈慧珊,好友,蔡少芬
1143,陈慧珊,好友,郭可盈
1144,冯远征,夫妻,梁丹妮
1145,黄光熙,组合,任时完
1146,欧阳震华,好友,郭政鸿
1147,猪哥亮,父女,谢金燕
1148,刘雪华,密友,琼瑶
1148,刘雪华,旧爱,刘德凯
1148,刘雪华,旧爱,张佩华
1149,方力申,绯闻,钟欣潼
1149,方力申,情侣,邓丽欣
1149,方力申,绯闻,陈自瑶
1149,方力申,好友,司徒瑞祈
1149,方力申,同门,周笔畅
1150,张柏芝,好友,范玮琪
1150,张柏芝,旧爱,陈小春
1150,张柏芝,绯闻,郑伊健
1150,张柏芝,绯闻,古天乐
1150,张柏芝,干父女,赵本山
1150,张柏芝,好友,陈建州
1150,张柏芝,好友,熊黛林
1151,关心妍,好友,杨千
1151,关心妍,好友,王祖蓝
1151,关心妍,绯闻,萧正楠
1152,周家蔚,翁媳,洪金宝
1152,周家蔚,夫妻,洪天明
1153,张茜,夫妻,张卫健
1154,金城武,绯闻,杨采妮
1155,王元也,父子,王中磊
1156,王菁,夫妻,何炅
1157,陈琳,好友,张蔷
1157,陈琳,好友,那英
1157,陈琳,好友,杨坤
1157,陈琳,好友,满文军
1158,袁姗姗,好友,赵丽颖
1158,袁姗姗,好友,于正
1158,袁姗姗,好友,孙菲菲
1158,袁姗姗,好友,海陆
1158,袁姗姗,好友,杨幂
1158,袁姗姗,好友,冯绍峰
1159,李在元,拍档,安七炫
1159,李在元,拍档,张佑赫
1159,李在元,拍档,安胜浩
1159,李在元,拍档,文熙俊
1160,卓文萱,绯闻,曹格
1161,梁洛施,好友,杨丞琳
1161,梁洛施,干父女,黄秋生
1161,梁洛施,好友,杜汶泽
1161,梁洛施,好友,钟欣潼
1161,梁洛施,绯闻,陈柏霖
1161,梁洛施,好友,陈意涵
1161,梁洛施,好友,张致恒
1162,黄长兴,绯闻,曹敏莉
1162,黄长兴,兄弟,黄长发
1163,关悦,同学,车晓
1164,官恩娜,绯闻,吴卓羲
1165,孙淳,拍档,焦俊艳
1165,孙淳,兄弟,孙周
1165,孙淳,拍档,尚于博
1166,古巨基,密友,周慧敏
1166,古巨基,绯闻,陈英雪
1167,周华健,拍档,张震岳
1168,朴敏英,旧爱,李敏镐
1169,陈百祥,好友,曾志伟
1169,陈百祥,好友,谭咏麟
1170,张瑞希,好友,李英爱
1171,郝蕾,旧爱,邓超
1171,郝蕾,绯闻,郭家铭
1171,郝蕾,密友,黄奕
1171,郝蕾,同学,聂远
1171,郝蕾,前任夫妻,李光洁
1171,郝蕾,好友,陈坤
1172,郭德纲,师徒,何云伟
1172,郭德纲,师徒,欧弟
1172,郭德纲,拍档,夏凡
1172,郭德纲,师徒,张云雷
1172,郭德纲,师徒,岳云鹏
1172,郭德纲,师徒,栾云平
1172,郭德纲,师徒,曹云金
1172,郭德纲,师徒,韩鹤晓
1173,田中裕子,拍档,张博
1174,马晓晴,绯闻,姜文
1175,利特,组员,super junior
1176,黄奕,绯闻,韩庚
1176,黄奕,密友,郝蕾
1176,黄奕,旧爱,聂远
1177,杰西卡・斯佐尔,情侣,艾德・维斯特维克
1178,姜武,兄弟,姜文
1178,姜武,同学,黄磊
1179,陈山聪,绯闻,徐淑敏
1180,黄维德,绯闻,伊能静
1181,霍建华,绯闻,关之琳
1181,霍建华,绯闻,叶璇
1181,霍建华,绯闻,林心如
1181,霍建华,旧爱,陈乔恩
1181,霍建华,好友,杨幂
1181,霍建华,好友,胡歌
1182,王全安,夫妻,张雨绮
1182,王全安,绯闻,余男
1182,王全安,同学,张嘉译
1182,王全安,同学,张子健
1182,王全安,同学,孔琳
1183,曾之乔,绯闻,明道
1184,张成源,兄妹,张娜拉
1185,邹廷威,同学,白百何
1186,容祖儿,密友,钟欣潼
1186,容祖儿,情侣,刘浩龙
1186,容祖儿,好友,郑希怡
1186,容祖儿,师徒,罗文
1187,梁家辉,好友,张曼玉
1187,梁家辉,好友,张国荣
1188,费翔,旧爱,叶倩文
1189,钱枫,旧爱,孙俪
1190,陶大宇,绯闻,郭羡妮
1190,陶大宇,好友,郭政鸿
1191,李羲儿,绯闻,潘粤明
1192,张博,拍档,田中裕子
1192,张博,拍档,林心如
1192,张博,拍档,何润东
1192,张博,拍档,陆毅
1192,张博,同学,白百何
1192,张博,拍档,陈好
1192,张博,拍档,陈建斌
1192,张博,拍档,殷桃
1192,张博,情侣,谭维维
1192,张博,拍档,张丰毅
1192,张博,绯闻,江珊
1193,金钟云,组员,super junior
1194,林永健,夫妻,周冬齐
1195,王力宏,绯闻,舒淇
1195,王力宏,好友,李玟
1195,王力宏,绯闻,李云迪
1195,王力宏,绯闻,汤唯
1195,王力宏,绯闻,张惠妹
1195,王力宏,好友,陈建州
1196,钟丽缇,旧爱,申贤俊
1196,钟丽缇,绯闻,郭富城
1197,李心洁,好友,刘涛
1198,林保怡,好友,蒙嘉慧
1198,林保怡,绯闻,陈慧珊
1199,苏醒,绯闻,孙骁骁
1199,苏醒,好友,魏晨
1200,李小鹏,夫妻,李安琪
1201,陈冠希,好友,周杰伦
1201,陈冠希,干父子,黄秋生
1201,陈冠希,绯闻,文咏珊
1201,陈冠希,同学,谢霆锋
1201,陈冠希,绯闻,周秀娜
1201,陈冠希,旧爱,谢芷蕙
1201,陈冠希,绯闻,李美琪
1202,刘德华,绯闻,关之琳
1202,刘德华,好友,杜汶泽
1202,刘德华,绯闻,梅艳芳
1202,刘德华,夫妻,朱丽倩
1202,刘德华,绯闻,陈玉莲
1202,刘德华,好友,李克勤
1202,刘德华,旧爱,喻可欣
1202,刘德华,绯闻,潘宏彬
1202,刘德华,干母子,叶德娴
1202,刘德华,好友,黄日华
1202,刘德华,好友,熊黛林
1203,苑琼丹,好友,曾志伟
1203,苑琼丹,好友,袁咏仪
1203,苑琼丹,旧爱,林正英
1203,苑琼丹,好友,伍咏薇
1203,苑琼丹,好友,汤盈盈
1203,苑琼丹,好友,李国麟
1204,向华强,叔侄,向海岚
1204,向华强,绯闻,张敏
1205,颜丹晨,同学,孔维
1205,颜丹晨,同学,何琳
1205,颜丹晨,同学,张恒
1205,颜丹晨,同学,许还幻
1205,颜丹晨,同学,黄晓明
1205,颜丹晨,同学,陈坤
1205,颜丹晨,同学,祖峰
1206,池珍熙,好友,廉晶雅
1207,金巧巧,旧爱,吴启华
1208,崔智友,旧爱,宋承宪
1208,崔智友,绯闻,李秉宪
1208,崔智友,绯闻,裴勇俊
1208,崔智友,绯闻,申贤俊
1208,崔智友,旧爱,李阵郁
1209,霍思燕,密友,杨幂
1210,多亮,师徒,那英
1211,李美琪,绯闻,陈冠希
1211,李美琪,旧爱,吴彦祖
1212,王今铎,同学,柴碧云
1213,金俊秀,拍档,朴有天
1213,金俊秀,拍档,金在中
1213,金俊秀,拍档,郑允浩
1213,金俊秀,拍档,沈昌珉
1214,许冠英,兄弟,许冠杰
1215,申东熙,组员,super junior
1216,曾恺t,绯闻,周杰伦
1217,郭政鸿,好友,欧阳震华
1217,郭政鸿,好友,陶大宇
1218,酒井法子,好友,木村拓哉
1218,酒井法子,好友,松岛菜菜子
1219,洪天明,旧爱,徐子淇
1219,洪天明,夫妻,周家蔚
1219,洪天明,绯闻,于娜
1219,洪天明,父子,洪金宝
1220,陈妍希,情侣,陈晓
1221,梅艳芳,密友,张国荣
1221,梅艳芳,好友,张学友
1221,梅艳芳,干姐弟,谢霆锋
1221,梅艳芳,绯闻,刘德华
1221,梅艳芳,师徒,何韵诗
1221,梅艳芳,师徒,许志安
1221,梅艳芳,绯闻,陶
1221,梅艳芳,师徒,谭耀文
1221,梅艳芳,绯闻,苗侨伟
1221,梅艳芳,师徒,彭敬慈
1221,梅艳芳,旧爱,赵文卓
1222,张玮琪,师徒,杨坤
1223,沙溢,夫妻,胡可
1223,沙溢,好友,姚晨
1224,阿杜,好友,林俊杰
1225,王紫逸,父子,巍子
1226,保剑锋,同学,杨明娜
1226,保剑锋,同学,马伊P
1226,保剑锋,旧爱,秦岚
1227,刘锡明,绯闻,周慧敏
1228,滕文骥,父子,滕华涛
1229,郎昆,前任夫妻,马艳丽
1230,刘家良,绯闻,惠英红
1230,刘家良,干兄弟,刘家辉
1230,刘家良,兄弟,刘家荣
1231,黄嘉千,夫妻,夏克立
1232,毛晓彤,情侣,陈翔
1233,高云翔,夫妻,董璇
1233,高云翔,拍档,蒲冰墨
1234,巩新亮,绯闻,郎朗
1235,吴大维,旧爱,孟广美
1235,吴大维,绯闻,赵薇
1235,吴大维,旧爱,林熙蕾
1236,张云雷,师徒,郭德纲
1237,张继聪,夫妻,谢安琪
1238,朴海镇,绯闻,朴信惠
1239,江语晨,绯闻,周杰伦
1240,赵涛,夫妻,贾樟柯
1241,倪妮,情侣,冯绍峰
1242,车晓,母女,王丽云
1242,车晓,同学,关悦
1243,郭涛,同学,夏力薪
1244,李易峰,好友,乔任梁
1244,李易峰,好友,马天宇
1245,沈春阳,夫妻,小沈阳
1246,白歆惠,绯闻,明道
1247,陈坤,好友,桂纶镁
1247,陈坤,好友,郝蕾
1247,陈坤,好友,赵子琪
1247,陈坤,好友,赵薇
1247,陈坤,好友,周迅
1247,陈坤,好友,黄晓明
1247,陈坤,同学,孔维
1247,陈坤,同学,何琳
1247,陈坤,拍档,焦俊艳
1247,陈坤,同学,张恒
1247,陈坤,同学,颜丹晨
1247,陈坤,同学,许还幻
1247,陈坤,拍档,蒲冰墨
1247,陈坤,同学,祖峰
1248,汪妤凌,师徒,那英
1249,章小蕙,前任夫妻,钟镇涛
1250,曾轶可,好友,姜潮
1250,曾轶可,好友,谈莉娜
1251,李宇春,好友,林俊杰
1251,李宇春,好友,苏见信
1251,李宇春,好友,何洁
1251,李宇春,好友,黄晓明
1252,黄琦雯,师徒,李双江
1252,黄琦雯,情侣,任泉
1253,张震岳,拍档,周华健
1253,张震岳,拍档,罗大佑
1253,张震岳,旧爱,路嘉怡
1254,北川景子,绯闻,山下智久
1255,岛谷瞳,密友,仲间由纪惠
1256,林赛・罗韩,绯闻,裘德・洛
1256,林赛・罗韩,密友,艾希莉・辛普森
1256,林赛・罗韩,密友,帕丽斯・希尔顿
1257,滨崎步,旧爱,长濑智也
1258,柯蓝,绯闻,黄志忠
1258,柯蓝,旧爱,李泉
1258,柯蓝,拍档,王笛
1258,柯蓝,拍档,夏凡
1259,张致恒,拍档,陈伟霆
1259,张致恒,好友,梁洛施
1259,张致恒,拍档,关智斌
1260,孙艺珍,绯闻,宋承宪
1261,杨若兮,旧爱,刘威
1261,杨若兮,夫妻,连奕名
1262,章泽天,夫妻,刘强东
1263,朴诗妍,好友,李多海
1263,朴诗妍,好友,朴容夏
